-- phpMyAdmin SQL Dump
-- version 5.2.0
-- https://www.phpmyadmin.net/
--
-- 主機： 127.0.0.1
-- 產生時間： 2022-11-10 14:46:08
-- 伺服器版本： 10.4.25-MariaDB
-- PHP 版本： 8.1.10

SET SQL_MODE = "NO_AUTO_VALUE_ON_ZERO";
START TRANSACTION;
SET time_zone = "+00:00";


/*!40101 SET @OLD_CHARACTER_SET_CLIENT=@@CHARACTER_SET_CLIENT */;
/*!40101 SET @OLD_CHARACTER_SET_RESULTS=@@CHARACTER_SET_RESULTS */;
/*!40101 SET @OLD_COLLATION_CONNECTION=@@COLLATION_CONNECTION */;
/*!40101 SET NAMES utf8mb4 */;

--
-- 資料庫： `school`
--

-- --------------------------------------------------------

--
-- 資料表結構 `classes`
--

CREATE TABLE `classes` (
  `id` int(10) UNSIGNED NOT NULL,
  `code` varchar(3) COLLATE utf8mb4_unicode_ci NOT NULL,
  `name` varchar(12) COLLATE utf8mb4_unicode_ci NOT NULL,
  `tutor` varchar(8) COLLATE utf8mb4_unicode_ci NOT NULL
) ENGINE=InnoDB DEFAULT CHARSET=utf8mb4 COLLATE=utf8mb4_unicode_ci;

--
-- 傾印資料表的資料 `classes`
--

INSERT INTO `classes` (`id`, `code`, `name`, `tutor`) VALUES
(1, '101', '一年一班', '孫承翰'),
(2, '102', '一年二班', '王詠晴'),
(3, '103', '一年三班', '賴冠延'),
(4, '104', '一年四班', '郭欣妤'),
(5, '105', '一年五班', '謝家豪'),
(6, '106', '一年六班', '黃雅婷'),
(7, '107', '一年七班', '林志偉'),
(8, '108', '一年八班', '趙宜蓁'),
(9, '109', '一年九班', '張建宏'),
(10, '110', '一年十班', '許麗華');

-- --------------------------------------------------------

--
-- 資料表結構 `class_student`
--

CREATE TABLE `class_student` (
  `id` int(10) UNSIGNED NOT NULL,
  `school_num` varchar(6) COLLATE utf8mb4_unicode_ci NOT NULL,
  `class_code` varchar(3) COLLATE utf8mb4_unicode_ci NOT NULL,
  `seat_num` tinyint(2) NOT NULL,
  `year` year(4) NOT NULL
) ENGINE=InnoDB DEFAULT CHARSET=utf8mb4 COLLATE=utf8mb4_unicode_ci;

--
-- 傾印資料表的資料 `class_student`
--

INSERT INTO `class_student` (`id`, `school_num`, `class_code`, `seat_num`, `year`) VALUES
(1, '911001', '101', 1, 2000),
(2, '911002', '101', 2, 2000),
(3, '911003', '101', 3, 2000),
(4, '911004', '101', 4, 2000),
(5, '911005', '101', 5, 2000),
(6, '911006', '101', 6, 2000),
(7, '911007', '101', 7, 2000),
(8, '911008', '101', 8, 2000),
(9, '911009', '101', 9, 2000),
(10, '911010', '101', 10, 2000),
(11, '911011', '101', 11, 2000),
(12, '911012', '101', 12, 2000),
(13, '911013', '101', 13, 2000),
(14, '911014', '101', 14, 2000),
(15, '911015', '101', 15, 2000),
(16, '911016', '101', 16, 2000),
(17, '911017', '101', 17, 2000),
(18, '911018', '101', 18, 2000),
(19, '911019', '101', 19, 2000),
(20, '911020', '101', 20, 2000),
(21, '911021', '101', 21, 2000),
(22, '911022', '101', 22, 2000),
(23, '911023', '101', 23, 2000),
(24, '911024', '101', 24, 2000),
(25, '911025', '101', 25, 2000),
(26, '911026', '101', 26, 2000),
(27, '911027', '101', 27, 2000),
(28, '911028', '101', 28, 2000),
(29, '911029', '101', 29, 2000),
(30, '911030', '101', 30, 2000),
(31, '911031', '101', 31, 2000),
(32, '911032', '101', 32, 2000),
(33, '911033', '101', 33, 2000),
(34, '911034', '101', 34, 2000),
(35, '911035', '101', 35, 2000),
(36, '911036', '101', 36, 2000),
(37, '911037', '101', 37, 2000),
(38, '911038', '101', 38, 2000),
(39, '911039', '101', 39, 2000),
(40, '911040', '101', 40, 2000),
(41, '911041', '101', 41, 2000),
(42, '911042', '101', 42, 2000),
(43, '911043', '101', 43, 2000),
(44, '911044', '101', 44, 2000),
(45, '911045', '101', 45, 2000),
(46, '911046', '101', 46, 2000),
(47, '911047', '101', 47, 2000),
(48, '911048', '101', 48, 2000),
(49, '911049', '101', 49, 2000),
(50, '912001', '102', 1, 2000),
(51, '912002', '102', 2, 2000),
(52, '912003', '102', 3, 2000),
(53, '912004', '102', 4, 2000),
(54, '912005', '102', 5, 2000),
(55, '912006', '102', 6, 2000),
(56, '912007', '102', 7, 2000),
(57, '912008', '102', 8, 2000),
(58, '912009', '102', 9, 2000),
(59, '912010', '102', 10, 2000),
(60, '912011', '102', 11, 2000),
(61, '912012', '102', 12, 2000),
(62, '912013', '102', 13, 2000),
(63, '912014', '102', 14, 2000),
(64, '912015', '102', 15, 2000),
(65, '912016', '102', 16, 2000),
(66, '912017', '102', 17, 2000),
(67, '912018', '102', 18, 2000),
(68, '912019', '102', 19, 2000),
(69, '912020', '102', 20, 2000),
(70, '912021', '102', 21, 2000),
(71, '912022', '102', 22, 2000),
(72, '912023', '102', 23, 2000),
(73, '912024', '102', 24, 2000),
(74, '912025', '102', 25, 2000),
(75, '912026', '102', 26, 2000),
(76, '912027', '102', 27, 2000),
(77, '912028', '102', 28, 2000),
(78, '912029', '102', 29, 2000),
(79, '912030', '102', 30, 2000),
(80, '912031', '102', 31, 2000),
(81, '912032', '102', 32, 2000),
(82, '912033', '102', 33, 2000),
(83, '912034', '102', 34, 2000),
(84, '912035', '102', 35, 2000),
(85, '912036', '102', 36, 2000),
(86, '912037', '102', 37, 2000),
(87, '912038', '102', 38, 2000),
(88, '913001', '103', 1, 2000),
(89, '913002', '103', 2, 2000),
(90, '913003', '103', 3, 2000),
(91, '913004', '103', 4, 2000),
(92, '913005', '103', 5, 2000),
(93, '913006', '103', 6, 2000),
(94, '913007', '103', 7, 2000),
(95, '913008', '103', 8, 2000),
(96, '913009', '103', 9, 2000),
(97, '913010', '103', 10, 2000),
(98, '913011', '103', 11, 2000),
(99, '913012', '103', 12, 2000),
(100, '913013', '103', 13, 2000),
(101, '913014', '103', 14, 2000),
(102, '913015', '103', 15, 2000),
(103, '913016', '103', 16, 2000),
(104, '913017', '103', 17, 2000),
(105, '913018', '103', 18, 2000),
(106, '913019', '103', 19, 2000),
(107, '913020', '103', 20, 2000),
(108, '913021', '103', 21, 2000),
(109, '913022', '103', 22, 2000),
(110, '913023', '103', 23, 2000),
(111, '913024', '103', 24, 2000),
(112, '913025', '103', 25, 2000),
(113, '913026', '103', 26, 2000),
(114, '913027', '103', 27, 2000),
(115, '913028', '103', 28, 2000),
(116, '913029', '103', 29, 2000),
(117, '913030', '103', 30, 2000),
(118, '913031', '103', 31, 2000),
(119, '913032', '103', 32, 2000),
(120, '913033', '103', 33, 2000),
(121, '913034', '103', 34, 2000),
(122, '913035', '103', 35, 2000),
(123, '913036', '103', 36, 2000),
(124, '913037', '103', 37, 2000),
(125, '913038', '103', 38, 2000),
(126, '913039', '103', 39, 2000),
(127, '913040', '103', 40, 2000),
(128, '913041', '103', 41, 2000),
(129, '913042', '103', 42, 2000),
(130, '913043', '103', 43, 2000),
(131, '913044', '103', 44, 2000),
(132, '913045', '103', 45, 2000),
(133, '913046', '103', 46, 2000),
(134, '913047', '103', 47, 2000),
(135, '913048', '103', 48, 2000),
(136, '913049', '103', 49, 2000),
(137, '913050', '103', 50, 2000),
(138, '913051', '103', 51, 2000),
(139, '913052', '103', 52, 2000),
(140, '913053', '103', 53, 2000),
(141, '913054', '103', 54, 2000),
(142, '913055', '103', 55, 2000),
(143, '913056', '103', 56, 2000),
(144, '913057', '103', 57, 2000),
(145, '913058', '104', 1, 2000),
(146, '913059', '104', 2, 2000),
(147, '913060', '104', 3, 2000),
(148, '913061', '104', 4, 2000),
(149, '913062', '104', 5, 2000),
(150, '913063', '104', 6, 2000),
(151, '913064', '104', 7, 2000),
(152, '913065', '104', 8, 2000),
(153, '913066', '104', 9, 2000),
(154, '913067', '104', 10, 2000),
(155, '913068', '104', 11, 2000),
(156, '913069', '104', 12, 2000),
(157, '913070', '104', 13, 2000),
(158, '913071', '104', 14, 2000),
(159, '913072', '104', 15, 2000),
(160, '913073', '104', 16, 2000),
(161, '913074', '104', 17, 2000),
(162, '913075', '104', 18, 2000),
(163, '913076', '104', 19, 2000),
(164, '913077', '104', 20, 2000),
(165, '913078', '104', 21, 2000),
(166, '913079', '104', 22, 2000),
(167, '913080', '104', 23, 2000),
(168, '913081', '104', 24, 2000),
(169, '913082', '104', 25, 2000),
(170, '913083', '104', 26, 2000),
(171, '913084', '104', 27, 2000),
(172, '913085', '104', 28, 2000),
(173, '913086', '104', 29, 2000),
(174, '913087', '104', 30, 2000),
(175, '913088', '104', 31, 2000),
(176, '913089', '104', 32, 2000),
(177, '913090', '104', 33, 2000),
(178, '913091', '104', 34, 2000),
(179, '913092', '104', 35, 2000),
(180, '913093', '104', 36, 2000),
(181, '913094', '104', 37, 2000),
(182, '913095', '104', 38, 2000),
(183, '913096', '104', 39, 2000),
(184, '913097', '104', 40, 2000),
(185, '913098', '104', 41, 2000),
(186, '913099', '104', 42, 2000),
(187, '913100', '104', 43, 2000),
(188, '913101', '104', 44, 2000),
(189, '913102', '104', 45, 2000),
(190, '913103', '104', 46, 2000),
(191, '913104', '104', 47, 2000),
(192, '913105', '104', 48, 2000),
(193, '913106', '104', 49, 2000),
(194, '913107', '104', 50, 2000),
(195, '913108', '104', 51, 2000),
(196, '913109', '104', 52, 2000),
(197, '913110', '104', 53, 2000),
(198, '913111', '104', 54, 2000),
(199, '913112', '104', 55, 2000),
(200, '913113', '104', 56, 2000),
(201, '913114', '104', 57, 2000),
(202, '913115', '104', 58, 2000),
(203, '913116', '104', 59, 2000),
(204, '913117', '105', 1, 2000),
(205, '913118', '105', 2, 2000),
(206, '913119', '105', 3, 2000),
(207, '913120', '105', 4, 2000),
(208, '913121', '105', 5, 2000),
(209, '913122', '105', 6, 2000),
(210, '913123', '105', 7, 2000),
(211, '913124', '105', 8, 2000),
(212, '913125', '105', 9, 2000),
(213, '913126', '105', 10, 2000),
(214, '913127', '105', 11, 2000),
(215, '913128', '105', 12, 2000),
(216, '913129', '105', 13, 2000),
(217, '913130', '105', 14, 2000),
(218, '913131', '105', 15, 2000),
(219, '913132', '105', 16, 2000),
(220, '913133', '105', 17, 2000),
(221, '913134', '105', 18, 2000),
(222, '913135', '105', 19, 2000),
(223, '913136', '105', 20, 2000),
(224, '913137', '105', 21, 2000),
(225, '913138', '105', 22, 2000),
(226, '913139', '105', 23, 2000),
(227, '913140', '105', 24, 2000),
(228, '913141', '105', 25, 2000),
(229, '913142', '105', 26, 2000),
(230, '913143', '105', 27, 2000),
(231, '913144', '105', 28, 2000),
(232, '913145', '105', 29, 2000),
(233, '913146', '105', 30, 2000),
(234, '913147', '105', 31, 2000),
(235, '913148', '105', 32, 2000),
(236, '913149', '105', 33, 2000),
(237, '913150', '105', 34, 2000),
(238, '913151', '105', 35, 2000),
(239, '913152', '105', 36, 2000),
(240, '913153', '105', 37, 2000),
(241, '913154', '105', 38, 2000),
(242, '913155', '105', 39, 2000),
(243, '913156', '105', 40, 2000),
(244, '913157', '105', 41, 2000),
(245, '913158', '105', 42, 2000),
(246, '913159', '105', 43, 2000),
(247, '913160', '105', 44, 2000),
(248, '913161', '105', 45, 2000),
(249, '913162', '105', 46, 2000),
(250, '913163', '105', 47, 2000),
(251, '913164', '105', 48, 2000),
(252, '913165', '105', 49, 2000),
(253, '913166', '105', 50, 2000),
(254, '913167', '105', 51, 2000),
(255, '913168', '105', 52, 2000),
(256, '913169', '105', 53, 2000),
(257, '913170', '105', 54, 2000),
(258, '913171', '105', 55, 2000),
(259, '914001', '106', 1, 2000),
(260, '914002', '106', 2, 2000),
(261, '914003', '106', 3, 2000),
(262, '914004', '106', 4, 2000),
(263, '914005', '106', 5, 2000),
(264, '914006', '106', 6, 2000),
(265, '914007', '106', 7, 2000),
(266, '914008', '106', 8, 2000),
(267, '914009', '106', 9, 2000),
(268, '914010', '106', 10, 2000),
(269, '914011', '106', 11, 2000),
(270, '914012', '106', 12, 2000),
(271, '914013', '106', 13, 2000),
(272, '914014', '106', 14, 2000),
(273, '914015', '106', 15, 2000),
(274, '914016', '106', 16, 2000),
(275, '914017', '106', 17, 2000),
(276, '914018', '106', 18, 2000),
(277, '914019', '106', 19, 2000),
(278, '914020', '106', 20, 2000),
(279, '914021', '106', 21, 2000),
(280, '914022', '106', 22, 2000),
(281, '914023', '106', 23, 2000),
(282, '914024', '106', 24, 2000),
(283, '914025', '106', 25, 2000),
(284, '914026', '106', 26, 2000),
(285, '914027', '106', 27, 2000),
(286, '914028', '106', 28, 2000),
(287, '914029', '106', 29, 2000),
(288, '914030', '106', 30, 2000),
(289, '914031', '106', 31, 2000),
(290, '914032', '106', 32, 2000),
(291, '914033', '106', 33, 2000),
(292, '914034', '106', 34, 2000),
(293, '914035', '106', 35, 2000),
(294, '914036', '106', 36, 2000),
(295, '914037', '106', 37, 2000),
(296, '914038', '106', 38, 2000),
(297, '914039', '106', 39, 2000),
(298, '914040', '106', 40, 2000),
(299, '914041', '106', 41, 2000),
(300, '914042', '106', 42, 2000),
(301, '914043', '106', 43, 2000),
(302, '914044', '106', 44, 2000),
(303, '914045', '106', 45, 2000),
(304, '914046', '106', 46, 2000),
(305, '914047', '106', 47, 2000),
(306, '914048', '106', 48, 2000),
(307, '914049', '107', 1, 2000),
(308, '914050', '107', 2, 2000),
(309, '914051', '107', 3, 2000),
(310, '914052', '107', 4, 2000),
(311, '914053', '107', 5, 2000),
(312, '914054', '107', 6, 2000),
(313, '914055', '107', 7, 2000),
(314, '914056', '107', 8, 2000),
(315, '914057', '107', 9, 2000),
(316, '914058', '107', 10, 2000),
(317, '914059', '107', 11, 2000),
(318, '914060', '107', 12, 2000),
(319, '914061', '107', 13, 2000),
(320, '914062', '107', 14, 2000),
(321, '914063', '107', 15, 2000),
(322, '914064', '107', 16, 2000),
(323, '914065', '107', 17, 2000),
(324, '914066', '107', 18, 2000),
(325, '914067', '107', 19, 2000),
(326, '914068', '107', 20, 2000),
(327, '914069', '107', 21, 2000),
(328, '914070', '107', 22, 2000),
(329, '914071', '107', 23, 2000),
(330, '914072', '107', 24, 2000),
(331, '914073', '107', 25, 2000),
(332, '914074', '107', 26, 2000),
(333, '914075', '107', 27, 2000),
(334, '914076', '107', 28, 2000),
(335, '914077', '107', 29, 2000),
(336, '914078', '107', 30, 2000),
(337, '914079', '107', 31, 2000),
(338, '914080', '107', 32, 2000),
(339, '914081', '107', 33, 2000),
(340, '914082', '107', 34, 2000),
(341, '914083', '107', 35, 2000),
(342, '914084', '107', 36, 2000),
(343, '914085', '107', 37, 2000),
(344, '914086', '107', 38, 2000),
(345, '914087', '107', 39, 2000),
(346, '914088', '107', 40, 2000),
(347, '914089', '107', 41, 2000),
(348, '914090', '107', 42, 2000),
(349, '914091', '107', 43, 2000),
(350, '914092', '107', 44, 2000),
(351, '914093', '107', 45, 2000),
(352, '914094', '107', 46, 2000),
(353, '914095', '107', 47, 2000),
(354, '914096', '108', 1, 2000),
(355, '914097', '108', 2, 2000),
(356, '914098', '108', 3, 2000),
(357, '914099', '108', 4, 2000),
(358, '914100', '108', 5, 2000),
(359, '914101', '108', 6, 2000),
(360, '914102', '108', 7, 2000),
(361, '914103', '108', 8, 2000),
(362, '914104', '108', 9, 2000),
(363, '914105', '108', 10, 2000),
(364, '914106', '108', 11, 2000),
(365, '914107', '108', 12, 2000),
(366, '914108', '108', 13, 2000),
(367, '914109', '108', 14, 2000),
(368, '914110', '108', 15, 2000),
(369, '914111', '108', 16, 2000),
(370, '914112', '108', 17, 2000),
(371, '914113', '108', 18, 2000),
(372, '914114', '108', 19, 2000),
(373, '914115', '108', 20, 2000),
(374, '914116', '108', 21, 2000),
(375, '914117', '108', 22, 2000),
(376, '914118', '108', 23, 2000),
(377, '914119', '108', 24, 2000),
(378, '914120', '108', 25, 2000),
(379, '914121', '108', 26, 2000),
(380, '914122', '108', 27, 2000),
(381, '914123', '108', 28, 2000),
(382, '914124', '108', 29, 2000),
(383, '914125', '108', 30, 2000),
(384, '914126', '108', 31, 2000),
(385, '914127', '108', 32, 2000),
(386, '914128', '108', 33, 2000),
(387, '914129', '108', 34, 2000),
(388, '914130', '108', 35, 2000),
(389, '914131', '108', 36, 2000),
(390, '914132', '108', 37, 2000),
(391, '914133', '108', 38, 2000),
(392, '914134', '108', 39, 2000),
(393, '914135', '108', 40, 2000),
(394, '914136', '108', 41, 2000),
(395, '914137', '108', 42, 2000),
(396, '914138', '108', 43, 2000),
(397, '915001', '109', 1, 2000),
(398, '915002', '109', 2, 2000),
(399, '915003', '109', 3, 2000),
(400, '915004', '109', 4, 2000),
(401, '915005', '109', 5, 2000),
(402, '915006', '109', 6, 2000),
(403, '915007', '109', 7, 2000),
(404, '915008', '109', 8, 2000),
(405, '915009', '109', 9, 2000),
(406, '915010', '109', 10, 2000),
(407, '915011', '109', 11, 2000),
(408, '915012', '109', 12, 2000),
(409, '915013', '109', 13, 2000),
(410, '915014', '109', 14, 2000),
(411, '915015', '109', 15, 2000),
(412, '915016', '109', 16, 2000),
(413, '915017', '109', 17, 2000),
(414, '915018', '109', 18, 2000),
(415, '915019', '109', 19, 2000),
(416, '915020', '109', 20, 2000),
(417, '915021', '109', 21, 2000),
(418, '915022', '109', 22, 2000),
(419, '915023', '109', 23, 2000),
(420, '915024', '109', 24, 2000),
(421, '915025', '109', 25, 2000),
(422, '915026', '109', 26, 2000),
(423, '915027', '109', 27, 2000),
(424, '915028', '109', 28, 2000),
(425, '915029', '109', 29, 2000),
(426, '915030', '109', 30, 2000),
(427, '915031', '109', 31, 2000),
(428, '915032', '109', 32, 2000),
(429, '915033', '109', 33, 2000),
(430, '915034', '109', 34, 2000),
(431, '915035', '109', 35, 2000),
(432, '915036', '109', 36, 2000),
(433, '915037', '109', 37, 2000),
(434, '915038', '109', 38, 2000),
(435, '915039', '109', 39, 2000),
(436, '915040', '109', 40, 2000),
(437, '915041', '109', 41, 2000),
(438, '915042', '109', 42, 2000),
(439, '915043', '110', 1, 2000),
(440, '915044', '110', 2, 2000),
(441, '915045', '110', 3, 2000),
(442, '915046', '110', 4, 2000),
(443, '915047', '110', 5, 2000),
(444, '915048', '110', 6, 2000),
(445, '915049', '110', 7, 2000),
(446, '915050', '110', 8, 2000),
(447, '915051', '110', 9, 2000),
(448, '915052', '110', 10, 2000),
(449, '915053', '110', 11, 2000),
(450, '915054', '110', 12, 2000),
(451, '915055', '110', 13, 2000),
(452, '915056', '110', 14, 2000),
(453, '915057', '110', 15, 2000),
(454, '915058', '110', 16, 2000),
(455, '915059', '110', 17, 2000),
(456, '915060', '110', 18, 2000),
(457, '915061', '110', 19, 2000),
(458, '915062', '110', 20, 2000),
(459, '915063', '110', 21, 2000),
(460, '915064', '110', 22, 2000),
(461, '915065', '110', 23, 2000),
(462, '915066', '110', 24, 2000),
(463, '915067', '110', 25, 2000),
(464, '915068', '110', 26, 2000),
(465, '915069', '110', 27, 2000),
(466, '915070', '110', 28, 2000),
(467, '915071', '110', 29, 2000),
(468, '915072', '110', 30, 2000),
(469, '915073', '110', 31, 2000),
(470, '915074', '110', 32, 2000),
(471, '915075', '110', 33, 2000),
(472, '915076', '110', 34, 2000),
(473, '915077', '110', 35, 2000),
(474, '915078', '110', 36, 2000),
(475, '915079', '110', 37, 2000),
(476, '915080', '110', 38, 2000),
(477, '915081', '110', 39, 2000),
(478, '915082', '110', 40, 2000),
(479, '915083', '110', 41, 2000);

-- --------------------------------------------------------

--
-- 資料表結構 `conduct`
--

CREATE TABLE `conduct` (
  `班級座號` int(5) DEFAULT NULL,
  `導師評分` int(2) DEFAULT NULL
) ENGINE=InnoDB DEFAULT CHARSET=utf8;

--
-- 傾印資料表的資料 `conduct`
--

INSERT INTO `conduct` (`班級座號`, `導師評分`) VALUES
(10101, 82),
(10102, 64),
(10103, 78),
(10104, 64),
(10105, 74),
(10106, 80),
(10107, 81),
(10108, 66),
(10109, 65),
(10110, 62),
(10111, 70),
(10112, 80),
(10113, 81),
(10114, 70),
(10115, 72),
(10116, 71),
(10117, 75),
(10118, 62),
(10119, 60),
(10120, 60),
(10121, 74),
(10122, 71),
(10123, 72),
(10124, 71),
(10125, 71),
(10126, 75),
(10127, 74),
(10128, 71),
(10129, 73),
(10130, 75),
(10131, 78),
(10132, 79),
(10133, 85),
(10134, 84),
(10135, 75),
(10136, 66),
(10137, 84),
(10138, 84),
(10139, 85),
(10140, 75),
(10141, 67),
(10142, 71),
(10143, 72),
(10144, 71),
(10145, 70),
(10146, 78),
(10147, 87),
(10148, 88),
(10149, 86),
(10201, 84),
(10202, 78),
(10203, 79),
(10204, 70),
(10205, 71),
(10206, 84),
(10207, 76),
(10208, 70),
(10209, 70),
(10210, 66),
(10211, 64),
(10212, 68),
(10213, 69),
(10214, 76),
(10215, 60),
(10216, 61),
(10217, 63),
(10218, 85),
(10219, 74),
(10220, 76),
(10221, 70),
(10222, 71),
(10223, 75),
(10224, 80),
(10225, 87),
(10226, 81),
(10227, 65),
(10228, 67),
(10229, 60),
(10230, 64),
(10231, 63),
(10232, 61),
(10233, 85),
(10234, 87),
(10235, 64),
(10236, 61),
(10237, 62),
(10238, 85),
(10301, 87),
(10302, 89),
(10303, 87),
(10304, 84),
(10305, 82),
(10306, 80),
(10307, 71),
(10308, 70),
(10309, 73),
(10310, 76),
(10311, 78),
(10312, 79),
(10313, 74),
(10314, 84),
(10315, 85),
(10316, 86),
(10317, 89),
(10318, 78),
(10319, 74),
(10320, 70),
(10321, 66),
(10322, 65),
(10323, 61),
(10324, 85),
(10325, 81),
(10326, 68),
(10327, 61),
(10328, 65),
(10329, 69),
(10330, 64),
(10331, 84),
(10332, 71),
(10333, 75),
(10334, 74),
(10335, 71),
(10336, 68),
(10337, 69),
(10338, 65),
(10339, 63),
(10340, 77),
(10341, 56),
(10342, 85),
(10343, 60),
(10344, 67),
(10345, 78),
(10346, 76),
(10347, 67),
(10348, 86),
(10349, 80),
(10350, 81),
(10351, 80),
(10352, 87),
(10353, 86),
(10354, 82),
(10355, 83),
(10356, 81),
(10357, 88),
(10401, 65),
(10402, 60),
(10403, 62),
(10404, 61),
(10405, 68),
(10406, 80),
(10407, 85),
(10408, 82),
(10409, 61),
(10410, 63),
(10411, 78),
(10412, 75),
(10413, 74),
(10414, 74),
(10415, 75),
(10416, 71),
(10417, 70),
(10418, 70),
(10419, 70),
(10420, 70),
(10421, 60),
(10422, 60),
(10423, 65),
(10424, 65),
(10425, 64),
(10426, 64),
(10427, 63),
(10428, 62),
(10429, 61),
(10430, 60),
(10431, 69),
(10432, 67),
(10433, 68),
(10434, 64),
(10435, 66),
(10436, 65),
(10437, 62),
(10438, 61),
(10439, 60),
(10440, 63),
(10441, 64),
(10442, 69),
(10443, 78),
(10444, 78),
(10445, 79),
(10446, 74),
(10447, 71),
(10448, 70),
(10449, 72),
(10450, 76),
(10451, 77),
(10452, 88),
(10453, 85),
(10454, 81),
(10455, 80),
(10456, 60),
(10457, 60),
(10458, 61),
(10459, 62),
(10501, 62),
(10502, 63),
(10503, 63),
(10504, 61),
(10505, 64),
(10506, 62),
(10507, 64),
(10508, 68),
(10509, 69),
(10510, 61),
(10511, 65),
(10512, 66),
(10513, 60),
(10514, 61),
(10515, 63),
(10516, 61),
(10517, 68),
(10518, 67),
(10519, 69),
(10520, 85),
(10521, 87),
(10522, 81),
(10523, 80),
(10524, 60),
(10525, 61),
(10526, 61),
(10527, 62),
(10528, 62),
(10529, 63),
(10530, 64),
(10531, 68),
(10532, 68),
(10533, 69),
(10534, 61),
(10535, 80),
(10536, 87),
(10537, 83),
(10538, 82),
(10539, 81),
(10540, 82),
(10541, 65),
(10542, 74),
(10543, 70),
(10544, 63),
(10545, 65),
(10546, 67),
(10547, 68),
(10548, 69),
(10549, 67),
(10550, 70),
(10551, 78),
(10552, 70),
(10553, 71),
(10554, 71),
(10555, 70),
(10601, 85),
(10602, 85),
(10603, 81),
(10604, 81),
(10605, 82),
(10606, 87),
(10607, 89),
(10608, 75),
(10609, 72),
(10610, 71),
(10611, 71),
(10612, 70),
(10613, 74),
(10614, 73),
(10615, 71),
(10616, 79),
(10617, 75),
(10618, 74),
(10619, 74),
(10620, 71),
(10621, 77),
(10622, 80),
(10623, 65),
(10624, 80),
(10625, 82),
(10626, 81),
(10627, 87),
(10628, 83),
(10629, 87),
(10630, 78),
(10631, 75),
(10632, 74),
(10633, 71),
(10634, 70),
(10635, 73),
(10636, 71),
(10637, 70),
(10638, 70),
(10639, 70),
(10640, 65),
(10641, 62),
(10642, 66),
(10643, 66),
(10644, 74),
(10645, 85),
(10646, 74),
(10647, 71),
(10648, 70),
(10701, 72),
(10702, 71),
(10703, 70),
(10704, 73),
(10705, 76),
(10706, 78),
(10707, 74),
(10708, 78),
(10709, 68),
(10710, 67),
(10711, 65),
(10712, 64),
(10713, 63),
(10714, 62),
(10715, 61),
(10716, 60),
(10717, 60),
(10718, 65),
(10719, 68),
(10720, 78),
(10721, 70),
(10722, 74),
(10723, 71),
(10724, 72),
(10725, 70),
(10726, 77),
(10727, 70),
(10728, 75),
(10729, 78),
(10730, 74),
(10731, 71),
(10732, 78),
(10733, 74),
(10734, 72),
(10735, 71),
(10736, 70),
(10737, 73),
(10738, 84),
(10739, 85),
(10740, 81),
(10741, 80),
(10742, 60),
(10743, 62),
(10744, 65),
(10745, 67),
(10746, 67),
(10747, 68),
(10801, 69),
(10802, 76),
(10803, 74),
(10804, 78),
(10805, 74),
(10806, 75),
(10807, 71),
(10808, 72),
(10809, 70),
(10810, 73),
(10811, 71),
(10812, 70),
(10813, 80),
(10814, 85),
(10815, 88),
(10816, 87),
(10817, 84),
(10818, 81),
(10819, 80),
(10820, 80),
(10821, 81),
(10822, 82),
(10823, 80),
(10824, 87),
(10825, 86),
(10826, 85),
(10827, 87),
(10828, 84),
(10829, 72),
(10830, 80),
(10831, 82),
(10832, 83),
(10833, 75),
(10834, 84),
(10835, 86),
(10836, 85),
(10837, 84),
(10838, 87),
(10839, 81),
(10840, 75),
(10841, 78),
(10842, 74),
(10843, 76),
(10901, 78),
(10902, 74),
(10903, 71),
(10904, 72),
(10905, 70),
(10906, 73),
(10907, 79),
(10908, 77),
(10909, 78),
(10910, 79),
(10911, 74),
(10912, 75),
(10913, 76),
(10914, 84),
(10915, 86),
(10916, 78),
(10917, 74),
(10918, 75),
(10919, 71),
(10920, 72),
(10921, 70),
(10922, 76),
(10923, 70),
(10924, 78),
(10925, 79),
(10926, 87),
(10927, 85),
(10928, 87),
(10929, 84),
(10930, 88),
(10931, 85),
(10932, 81),
(10933, 82),
(10934, 83),
(10935, 80),
(10936, 87),
(10937, 85),
(10938, 78),
(10939, 75),
(10940, 74),
(10941, 71),
(10942, 72),
(11001, 73),
(11002, 77),
(11003, 76),
(11004, 65),
(11005, 68),
(11006, 67),
(11007, 85),
(11008, 86),
(11009, 82),
(11010, 83),
(11011, 81),
(11012, 80),
(11013, 80),
(11014, 78),
(11015, 80),
(11016, 80),
(11017, 70),
(11018, 75),
(11019, 78),
(11020, 74),
(11021, 74),
(11022, 71),
(11023, 72),
(11024, 77),
(11025, 79),
(11026, 68),
(11027, 69),
(11028, 67),
(11029, 64),
(11030, 68),
(11031, 67),
(11032, 78),
(11033, 74),
(11034, 75),
(11035, 74),
(11036, 72),
(11037, 71),
(11038, 70),
(11039, 81),
(11040, 80),
(11041, 82);

-- --------------------------------------------------------

--
-- 資料表結構 `dept`
--

CREATE TABLE `dept` (
  `id` int(10) UNSIGNED NOT NULL,
  `code` varchar(3) COLLATE utf8mb4_unicode_ci NOT NULL,
  `name` varchar(32) COLLATE utf8mb4_unicode_ci NOT NULL
) ENGINE=InnoDB DEFAULT CHARSET=utf8mb4 COLLATE=utf8mb4_unicode_ci;

--
-- 傾印資料表的資料 `dept`
--

INSERT INTO `dept` (`id`, `code`, `name`) VALUES
(1, '401', '商業經營科'),
(2, '402', '國際貿易科'),
(3, '404', '資料處理科'),
(4, '503', '幼兒保育科'),
(5, '504', '美容科'),
(6, '506', '室內佈置科');

-- --------------------------------------------------------

--
-- 資料表結構 `graduate_school`
--

CREATE TABLE `graduate_school` (
  `id` int(10) UNSIGNED NOT NULL,
  `county` varchar(8) COLLATE utf8mb4_unicode_ci NOT NULL,
  `name` varchar(64) COLLATE utf8mb4_unicode_ci NOT NULL
) ENGINE=InnoDB DEFAULT CHARSET=utf8mb4 COLLATE=utf8mb4_unicode_ci;

--
-- 傾印資料表的資料 `graduate_school`
--

INSERT INTO `graduate_school` (`id`, `county`, `name`) VALUES
(1, '南投縣', '縣立仁愛國中'),
(2, '南投縣', '縣立和平國中'),
(3, '南投縣', '縣立土城國中'),
(4, '南投縣', '縣立平溪國中'),
(5, '南投縣', '縣立汐止國中'),
(6, '南投縣', '縣立淡水國中'),
(7, '南投縣', '縣立石門國中'),
(8, '南投縣', '縣立萬里國中'),
(9, '南投縣', '縣立金山國中'),
(10, '南投縣', '縣立雙溪國中'),
(11, '台中市', '市立中和國中'),
(12, '台中市', '市立中山國中'),
(13, '台中市', '市立中平國中'),
(14, '台中市', '市立中正國中'),
(15, '台中市', '市立中船國中'),
(16, '台中市', '市立仁愛國中'),
(17, '台中市', '市立信義國中'),
(18, '台中市', '市立八斗國中'),
(19, '台中市', '市立公園國中'),
(20, '台中市', '市立北寧國中'),
(21, '台中市', '市立南榮國中'),
(22, '台中市', '市立安一國中'),
(23, '台中市', '市立安樂國中'),
(24, '台中市', '市立建德國中'),
(25, '台中市', '市立忠孝國中'),
(26, '台中市', '市立月眉國中'),
(27, '台中市', '市立百福國中'),
(28, '宜蘭縣', '縣立頭城國中');

-- --------------------------------------------------------

--
-- 資料表結構 `status`
--

CREATE TABLE `status` (
  `id` int(10) UNSIGNED NOT NULL,
  `code` varchar(4) COLLATE utf8mb4_unicode_ci NOT NULL,
  `status` varchar(8) COLLATE utf8mb4_unicode_ci NOT NULL,
  `note` varchar(64) COLLATE utf8mb4_unicode_ci NOT NULL
) ENGINE=InnoDB DEFAULT CHARSET=utf8mb4 COLLATE=utf8mb4_unicode_ci;

--
-- 傾印資料表的資料 `status`
--

INSERT INTO `status` (`id`, `code`, `status`, `note`) VALUES
(1, '001', '畢業', '持國中畢業證書者'),
(2, '002', '補校', '持國中補校資格證明書者'),
(3, '003', '補結', '持國中補校結業證明書者'),
(4, '004', '結業', '持國中修(結)業證明書者(修畢三年)');

-- --------------------------------------------------------

--
-- 資料表結構 `students`
--

CREATE TABLE `students` (
  `id` int(10) UNSIGNED NOT NULL,
  `school_num` int(6) DEFAULT NULL COMMENT '學號',
  `name` varchar(8) DEFAULT NULL COMMENT '姓名',
  `birthday` date DEFAULT NULL COMMENT '出生年月日',
  `uni_id` varchar(10) DEFAULT NULL COMMENT '身分證號碼',
  `addr` varchar(32) DEFAULT NULL COMMENT '住址',
  `parents` varchar(8) DEFAULT NULL COMMENT '家長',
  `tel` varchar(16) DEFAULT NULL COMMENT '電話',
  `dept` varchar(8) DEFAULT NULL COMMENT '科別',
  `graduate_at` varchar(16) DEFAULT NULL COMMENT '畢業國中',
  `status_code` varchar(4) DEFAULT NULL
) ENGINE=InnoDB DEFAULT CHARSET=utf8;

--
-- 傾印資料表的資料 `students`
--

INSERT INTO `students` (`id`, `school_num`, `name`, `birthday`, `uni_id`, `addr`, `parents`, `tel`, `dept`, `graduate_at`, `status_code`) VALUES
(1, 911001, '丁于穎', '1984-03-05', 'C100000012', '台中縣大甲鎮安和一街4巷4-3號4F', '丁世傑', '04-13310667', '1', '23', '001'),
(2, 911002, '尹彗如', '1980-09-08', 'F200000026', '南投縣南投市一坑路426號', '尹文淵', '04-13971835', '2', '2', '001'),
(3, 911003, '孔琇榆', '1984-08-28', 'F200000035', '台中縣大安鄉源遠路292巷1-5號1F', '孔進豐', '04-13570828', '3', '25', '001'),
(4, 911004, '文勝真', '1984-08-28', 'F100000042', '南投縣埔里鎮逢甲路337號', '文水順', '04-13970773', '4', '2', '004'),
(5, 911005, '方玉婷', '1983-12-10', 'C200000058', '台中縣大肚鄉安和一街6巷43之1號2F', '方明順', '04-13322272', '5', '23', '001'),
(6, 911006, '毛家男', '1983-12-16', 'C100000067', '台中縣大里市百六街53號3F', '毛長壽', '04-13518685', '6', '12', '001'),
(7, 911007, '王鳳如', '1984-01-06', 'F200000071', '南投縣草屯鎮三爪子坑路106 巷11號3', '王學義', '04-13974327', '1', '2', '001'),
(8, 911008, '史乾君', '1984-04-01', 'C100000085', '台中縣大雅鄉111巷39號2F', '史吳屘', '04-13318360', '2', '25', '004'),
(9, 911009, '田泓宜', '1984-07-09', 'F100000097', '台中縣太平市義六路36-34 號3F', '田慶鐘', '04-13275530', '3', '17', '001'),
(10, 911010, '白金圓', '1984-01-02', 'V200000109', '台中縣外埔鄉調和街80巷63號', '白鳳鳴', '04-13693021', '4', '16', '001'),
(11, 911011, '石政華', '1984-03-03', 'C100000110', '台中縣石岡鄉正義路74巷30弄40號', '石芳雄', '04-13287732', '5', '14', '001'),
(12, 911012, '任佩君', '1984-09-17', 'G200000123', '南投縣竹山鎮大寮路49巷1 號', '任旺樹', '04-13969168', '6', '2', '001'),
(13, 911013, '朱怡蓉', '1983-10-24', 'F200000131', '南投縣集集鎮東和路84號', '朱金池', '04-13977208', '1', '2', '001'),
(14, 911014, '江欣欽', '1983-12-11', 'C100000147', '台中縣后里鄉金山街74號', '江清祥', '04-13582284', '2', '24', '001'),
(15, 911015, '何秋桂', '1983-11-16', 'G200000150', '台中縣沙鹿鎮麥金路11巷40號', '何明東', '04-13327347', '3', '27', '001'),
(16, 911016, '余進財', '1984-02-26', 'F100000168', '南投縣名間鄉中山路246巷11號2F', '余文吉', '04-13974586', '4', '2', '001'),
(17, 911017, '吳菁菁', '1984-07-13', 'F200000177', '南投縣鹿谷鄉龍崗村泮宮路17號', '吳顯瑞', '04-13941334', '5', '1', '001'),
(18, 911018, '呂意倫', '1984-06-01', 'F100000186', '南投縣中寮鄉三爪子坑路民享新村11', '呂林飛', '04-13979021', '6', '2', '001'),
(19, 911019, '宋時雨', '1984-09-16', 'K100000199', '台中縣和平鄉中華路135-3 號4F', '宋德祥', '04-13230092', '1', '12', '001'),
(20, 911020, '李禬敏', '1984-05-03', 'C100000209', '台中縣東勢鎮泰安路91號', '李玉雲', '04-13514121', '2', '12', '001'),
(21, 911021, '杜晉華', '1984-02-24', 'C100000218', '台中縣烏日鄉東峰街11巷2 號', '杜秦英', '04-13654770', '3', '17', '001'),
(22, 911022, '沈慧如', '1984-03-11', 'F200000220', '南投縣魚池鄉大埔路48號3F', '沈朝雄', '04-13579700', '4', '2', '001'),
(23, 911023, '汪純芬', '1984-10-20', 'C200000236', '台中縣神岡鄉東新街4巷66 號', '汪瑞琴', '04-13564111', '5', '12', '001'),
(24, 911024, '周惠琴', '1983-06-06', 'C200000245', '台中縣梧棲鎮協和街192-1 號', '周水清', '04-13288344', '1', '14', '004'),
(25, 911025, '孟亞秦', '1984-04-03', 'F100000257', '南投縣國姓鄉員潭路6號', '孟正吉', '04-13983355', '2', '8', '001'),
(26, 911026, '於秀雅', '1984-06-24', 'F200000268', '台中縣清水鎮中正路182巷33-1號', '於景仁', '04-13286086', '3', '14', '001'),
(27, 911027, '易益偲', '1984-09-29', 'C100000272', '台中縣新社鄉深澳路226-1 號', '易文誠', '04-13651306', '4', '17', '001'),
(28, 911028, '林玟玲', '1983-09-19', 'C200000283', '台中縣潭子鄉武嶺街274之2號3F', '林國麟', '04-13331399', '5', '23', '001'),
(29, 911029, '武 嵋', '1984-02-18', 'C100000290', '台中縣龍井鄉通明街53巷7 號', '武季緞', '04-13231258', '6', '14', '001'),
(30, 911030, '邵金瑜', '1984-02-17', 'C200000309', '台中縣豐原市國安路30巷6 號1F', '邵德雄', '04-13573928', '1', '24', '001'),
(31, 911031, '邱惠朗', '1984-01-13', 'C100000316', '台中縣霧峰鄉深澳坑路13-1號', '邱翰霖', '04-13653844', '2', '17', '001'),
(32, 911032, '金惠甹', '1984-02-11', 'C100000325', '台中縣大甲鎮中華路69巷52號', '金明吉', '04-13281414', '3', '14', '001'),
(33, 911033, '侯保貴', '1985-02-09', 'F100000337', '南投縣水里鄉十三層路45號', '侯菊枝', '04-13932802', '4', '10', '001'),
(34, 911034, '姜陵贏', '1983-10-23', 'F100000346', '台中縣大安鄉259巷38號4F', '姜福鈞', '04-13366195', '5', '17', '001'),
(35, 911035, '姚樺軒', '1984-07-14', 'F100000355', '南投縣信義鄉水源路二段184巷7號', '姚金寶', '04-26415555', '1', '5', '001'),
(36, 911036, '段雅惠', '1983-11-14', 'C200000361', '台中縣大肚鄉明德2路1巷111號2F', '段兩傳', '04-13512268', '2', '12', '001'),
(37, 911037, '胡千慧', '1984-10-06', 'F200000375', '台中縣大里市過港路10巷251號', '胡修傳', '04-13570716', '3', '25', '001'),
(38, 911038, '范佳薇', '1984-06-22', 'C200000381', '台中縣大雅鄉明德3路93號', '范進財', '04-13511340', '4', '12', '001'),
(39, 911039, '唐珮菁', '1984-08-30', 'C200000390', '台中縣太平市義三路12巷37號', '唐基旺', '04-13293600', '5', '17', '001'),
(40, 911040, '夏欣怡', '1983-12-15', 'C100000405', '台中縣外埔鄉中平街51-13 號', '夏明輝', '04-13274041', '6', '12', '001'),
(41, 911041, '孫柔君', '1984-06-02', 'C200000416', '台中縣石岡鄉華興街51巷1-3號4F', '孫玉嬌', '04-13243092', '1', '14', '001'),
(42, 911042, '徐文芳', '1984-04-20', 'C200000425', '台中縣后里鄉132巷44號2F', '徐家銘', '04-13251568', '2', '27', '001'),
(43, 911043, '秦敏如', '1982-11-12', 'C200000434', '台中縣沙鹿鎮和二路16號', '秦天賜', '04-13620992', '3', '14', '001'),
(44, 911044, '袁翊文', '1982-11-03', 'G100000445', '台中縣和平鄉路310-1號', '袁龍水', '04-13662401', '4', '17', '001'),
(45, 911045, '郝郁儒', '1984-01-10', 'C100000450', '台中縣東勢鎮74巷103號', '郝錦銓', '04-13234410', '5', '27', '001'),
(46, 911046, '馬嘉禎', '1984-07-23', 'C100000469', '台中縣烏日鄉崇智街25號2F', '馬峻源', '04-13560330', '6', '12', '001'),
(47, 911047, '高惠榛', '1983-08-16', 'C100000478', '台中縣神岡鄉3巷6號', '高吉龍', '04-13251472', '1', '21', '001'),
(48, 911048, '崔台分', '1984-01-05', 'C100000487', '台中縣梧棲鎮180巷24號', '崔敦泰', '04-13661985', '2', '27', '001'),
(49, 911049, '常心怡', '1983-11-22', 'T200000492', '台中縣清水鎮港路10巷107號', '常錦康', '04-13579585', '3', '25', '001'),
(50, 912001, '康渴欣', '1983-09-20', 'C200000505', '南投縣仁愛鄉中央路48巷7號4F吉祥園', '康國全', '04-13582740', '4', '2', '001'),
(51, 912002, '張麗婷', '1984-03-04', 'H200000519', '台中縣新社鄉義七路26巷14號5F', '張慶源', '04-13281849', '5', '17', '001'),
(52, 912003, '曹淑淨', '1983-12-17', 'E200000525', '台中縣潭子鄉復興路212巷12弄23號', '曹春蓮', '04-13371131', '6', '14', '001'),
(53, 912004, '梁瑩鵑', '1984-02-18', 'F200000535', '台中縣龍井鄉愛七路16-甲 號', '梁英博', '04-13288880', '1', '23', '001'),
(54, 912005, '許心慈', '1984-08-13', 'A200000549', '台中縣豐原市安和一街4巷33-4號5F', '許長義', '04-13322951', '2', '23', '001'),
(55, 912006, '郭佩臨', '1984-10-27', 'C100000558', '台中縣霧峰鄉豐稔街54巷16-4號5F', '郭正順', '04-13622333', '3', '16', '001'),
(56, 912007, '陳辛夷', '1984-02-10', 'F100000560', '南投縣南投市仁愛路51號1F', '陳李雄', '04-13984686', '4', '9', '001'),
(57, 912008, '陸加零', '1983-12-05', 'G100000570', '台中縣大甲鎮明德二路13號3F', '陸春金', '039-360436', '5', '12', '001'),
(58, 912009, '章肅贏', '1984-07-19', 'F100000588', '南投縣埔里鎮明燈路二段54號1F', '章富田', '04-13968775', '1', '2', '001'),
(59, 912010, '傅淑真', '1984-04-03', 'F200000597', '南投縣草屯鎮三爪子坑民享新村37號1', '傅添進', '04-13976722', '2', '2', '001'),
(60, 912011, '喬菊方', '1983-11-05', 'G100000605', '台中縣大安鄉明德二路13號3F', '喬基吳', '04-13516556', '3', '12', '001'),
(61, 912012, '彭家慧', '1984-01-18', 'F100000613', '台中縣大肚鄉和平街5巷9號', '彭其祥', '04-13629527', '4', '14', '001'),
(62, 912013, '曾敬雯', '1983-10-23', 'C100000629', '台中縣大里市中山三路167 巷52號', '曾勝貴', '04-13265939', '5', '12', '001'),
(63, 912014, '湯意茹', '1984-03-06', 'F200000633', '南投縣竹山鎮大埔路慶安新村18號', '湯聰明', '04-13576882', '6', '2', '001'),
(64, 912015, '程斯梅', '1984-07-01', 'A200000647', '台中縣大雅鄉信二路174巷16號3F', '程韻蓉', '04-13295596', '1', '17', '001'),
(65, 912016, '賀晚零', '1984-09-03', 'C100000656', '台中縣太平市八斗街96巷27-1號', '賀姚榮', '04-13691897', '2', '14', '001'),
(66, 912017, '馮燋鈴', '1984-08-13', 'C200000667', '台中縣外埔鄉東信路236巷37-26號', '馮登松', '04-13657585', '3', '17', '001'),
(67, 912018, '黃雅軍', '1983-12-29', 'F200000679', '南投縣集集鎮中山路158巷10號1F', '黃榮春', '04-13971976', '4', '2', '001'),
(68, 912019, '楊晚滎', '1984-05-23', 'H100000688', '台中縣石岡鄉64巷17號4F', '楊志誠', '04-13658624', '5', '17', '001'),
(69, 912020, '萬宣芳', '1984-10-25', 'C200000694', '台中縣后里鄉北寧路252巷6弄25號', '萬錦花', '04-13692020', '1', '14', '001'),
(70, 912021, '葉紫確', '1984-02-19', 'F100000702', '南投縣名間鄉真理村延平街159號', '葉泰雄', '04-13901955', '2', '1', '001'),
(71, 912022, '董佳旗', '1983-12-12', 'C100000718', '台中縣沙鹿鎮中華路69巷60號', '董春來', '04-13278627', '3', '14', '001'),
(72, 912023, '賈加靈', '1983-11-21', 'F100000720', '南投縣鹿谷鄉水源路2段190號2F', '賈美雲', '04-26434627', '4', '5', '001'),
(73, 912024, '鄒品言', '1984-05-28', 'C100000736', '台中縣和平鄉52-2號', '鄒寬銘', '04-13278087', '5', '27', '001'),
(74, 912025, '廖品瀛', '1984-11-03', 'C100000745', '台中縣東勢鎮深澳坑166-7 號6F', '廖松風', '04-13663416', '6', '17', '001'),
(75, 912026, '熊秋勻', '1984-05-14', 'V100000750', '台中縣烏日鄉新豐街161巷12號', '熊德順', '04-13693828', '1', '16', '001'),
(76, 912027, '趙偉玲', '1984-02-02', 'C200000765', '台中縣神岡鄉仁一路163巷9號', '趙建誠', '04-13234904', '2', '16', '001'),
(77, 912028, '劉淑遺', '1983-11-23', 'C200000774', '台中縣梧棲鎮和一路103號2F', '劉美麗', '04-13626698', '3', '14', '001'),
(78, 912029, '潘寵亞', '1984-06-12', 'C200000783', '台中縣清水鎮北寧路333號', '潘金水', '04-13693795', '4', '14', '001'),
(79, 912030, '蔣怡方', '1984-06-24', 'C200000792', '台中縣新社鄉西定路132巷41號', '蔣景城', '04-13277495', '5', '14', '001'),
(80, 912031, '蔡井萱', '1984-01-29', 'C200000809', '台中縣潭子鄉樂利三街28巷8 號2F', '蔡秋明', '04-13312403', '6', '27', '001'),
(81, 912032, '鄭小瀅', '1983-10-06', 'H200000813', '台中縣龍井鄉路51巷60號', '鄭秀珍', '04-13286453', '1', '12', '001'),
(82, 912033, '鄧蘊潔', '1984-04-27', 'F200000820', '南投縣中寮鄉三爪子坑路29巷59號4F', '鄧文定', '04-13977716', '2', '2', '001'),
(83, 912034, '黎絮迎', '1984-08-23', 'C100000834', '台中縣豐原市中山一路4號', '黎玉琴', '04-13228529', '3', '12', '001'),
(84, 912035, '盧佩熅', '1984-02-18', 'C100000843', '南投縣魚池鄉中山路395號A區9F之六', '盧蓮和', '04-13985610', '4', '9', '001'),
(85, 912036, '蕭玉奉', '1984-07-12', 'C100000852', '台中縣霧峰鄉新豐街327巷51號', '蕭清波', '04-13693553', '5', '16', '001'),
(86, 912037, '賴閿文', '1984-06-18', 'C100000861', '台中縣大甲鎮290巷286號', '賴勳明', '04-13693308', '6', '25', '001'),
(87, 912038, '錢師亞', '1984-05-31', 'C100000870', '台中縣大安鄉東明路217號5樓', '錢幼玲', '04-13651950', '1', '17', '001'),
(88, 913001, '閻營君', '1984-07-18', 'C100000889', '台中縣大肚鄉570巷110-3號', '閻李發', '04-13582448', '2', '25', '001'),
(89, 913002, '龍會玢', '1984-03-15', 'F100000891', '南投縣國姓鄉野柳村港西路11-1號', '龍建松', '04-13923610', '3', '8', '001'),
(90, 913003, '戴明樺', '1983-11-23', 'F100000908', '南投縣水里鄉瑞濱里台電新村114號', '戴文盛', '04-13978362', '4', '2', '001'),
(91, 913004, '薛金陵', '1983-10-14', 'F100000917', '南投縣信義鄉民族六街5巷8號2F', '薛炳分', '04-26953914', '5', '5', '001'),
(92, 913005, '謝惠頻', '1984-07-03', 'U100000928', '台中縣大里市正榮街36-3號3F', '謝冬妹', '04-13625932', '1', '14', '001'),
(93, 913006, '鍾玉文', '1984-04-28', 'C100000932', '台中縣大雅鄉路271號', '鍾金山', '04-13256152', '2', '12', '001'),
(94, 913007, '韓亞坊', '1984-04-14', 'H100000946', '南投縣仁愛鄉大鵬村下社路41-1號', '韓自忠', '04-13985637', '3', '8', '001'),
(95, 913008, '魏嘉汸', '1984-04-29', 'F100000953', '南投縣南投市重和村林口路8-1號', '魏信男', '04-13983292', '4', '9', '001'),
(96, 913009, '羅力欣', '1984-04-02', 'C100000969', '南投縣埔里鎮加投路213號', '羅其輝', '04-13982340', '5', '8', '001'),
(97, 913010, '譚瑞頻', '1984-09-11', 'C100000978', '台中縣太平市480-2號', '譚文生', '04-13693294', '6', '23', '001'),
(98, 913011, '蘇安禎', '1984-09-23', 'C200000989', '台中縣外埔鄉崇德路10巷26號1F', '蘇清溪', '04-13228297', '1', '27', '001'),
(99, 913012, '顧秀霞', '1983-12-01', 'F200000991', '南投縣草屯鎮東和路16巷46號2F', '顧源炎', '04-13977772', '2', '2', '001'),
(100, 913013, '龔玉璿', '1983-05-16', 'C200002009', '台中縣石岡鄉31巷2弄30號 之1F', '龔觀清', '04-13238364', '3', '16', '001'),
(101, 913014, '丁淑華', '1983-04-01', 'F200002011', '南投縣竹山鎮十分街209號', '丁萬居', '04-13958056', '4', '4', '001'),
(102, 913015, '尹詩萍', '1984-08-24', 'F200002020', '南投縣集集鎮玉田路46-4號', '尹介璧', '04-13923421', '5', '8', '001'),
(103, 913016, '孔新怡', '1984-03-20', 'F200002039', '南投縣名間鄉三爪子坑路13巷7號', '孔施雄', '04-13978642', '1', '2', '001'),
(104, 913017, '文秀豐', '1984-02-09', 'V200002041', '台中縣后里鄉和一路2巷9之13號', '文長妹', '04-13632481', '2', '14', '001'),
(105, 913018, '方玉茹', '1984-09-22', 'C200002054', '台中縣沙鹿鎮正義路2巷78 號3F', '方素員', '04-13228896', '3', '14', '001'),
(106, 913019, '毛秀真', '1984-05-06', 'F200002066', '南投縣鹿谷鄉三港村雙澳路95號', '毛炎火', '04-13932203', '4', '10', '001'),
(107, 913020, '王惠琄', '1984-04-24', 'C100001073', '台中縣和平鄉明德一路172巷16之4號', '王文棋', '04-13567293', '5', '12', '001'),
(108, 913021, '史欣青', '1983-04-05', 'F100001085', '南投縣中寮鄉水源路2段190號1F', '史炎興', '04-26418130', '6', '5', '001'),
(109, 913022, '田芳祝', '1984-03-02', 'F100001094', '南投縣魚池鄉頌德里8號巷3號', '田麗卿', '04-13975359', '1', '2', '001'),
(110, 913023, '白雅玲', '1984-02-26', 'C100001108', '台中縣東勢鎮通明街70-2號', '白上華', '04-13288811', '2', '14', '001'),
(111, 913024, '石雅霖', '1984-01-05', 'C100001117', '台中縣烏日鄉月眉路65巷108號之2', '石正雄', '04-13652732', '3', '27', '001'),
(112, 913025, '任慈縈', '1984-07-29', 'F100001129', '南投縣國姓鄉粗坑口路37號', '任連枝', '04-13578811', '4', '2', '001'),
(113, 913026, '朱嘉儀', '1983-11-22', 'C100001135', '台中縣神岡鄉街15號4F', '朱金明', '04-13651340', '5', '27', '001'),
(114, 913027, '江慧禎', '1984-07-16', 'C100001144', '台中縣梧棲鎮復興路230巷63-2號3F', '江榮華', '04-42372168', '6', '14', '001'),
(115, 913028, '何靜雯', '1983-12-03', 'F100001156', '南投縣水里鄉中山路77號', '何榮貴', '04-49274224', '1', '2', '001'),
(116, 913029, '余韻芬', '1984-08-09', 'C100001162', '台中縣清水鎮安一路100巷219-3號4F', '余振宗', '04-42252917', '2', '23', '001'),
(117, 913030, '吳秋萍', '1984-02-03', 'C100001171', '台中縣新社鄉北寧路346-3 號4F', '吳茂林', '04-13692220', '3', '14', '001'),
(118, 913031, '呂郁茹', '1984-09-24', 'C100001180', '台中縣潭子鄉信二路25-7號4F', '呂輝隆', '04-42243317', '4', '17', '001'),
(119, 913032, '宋亦菁', '1984-09-27', 'C100001199', '台中縣龍井鄉路359號5F', '宋榮華', '04-13337460', '5', '17', '001'),
(120, 913033, '李淑樺', '1984-08-06', 'C100001206', '台中縣豐原市泰安路69-5號2F', '李再明', '04-42514641', '6', '12', '001'),
(121, 913034, '杜愛君', '1983-05-29', 'C100001215', '台中縣霧峰鄉街108號5樓', '杜清平', '04-46925677', '1', '25', '001'),
(122, 913035, '沈淑淋', '1984-03-28', 'C100001224', '台中縣大甲鎮30號', '沈文輝', '04-46932611', '2', '25', '001'),
(123, 913036, '汪慧君', '1983-09-03', 'F100001236', '南投縣信義鄉大埔路152號1樓', '汪明月', '04-42571005', '3', '2', '001'),
(124, 913037, '周偵如', '1983-12-17', 'C100001242', '台中縣大安鄉東明路39巷45-14號4F', '周偉良', '04-42656768', '4', '17', '001'),
(125, 913038, '孟曉玲', '1984-10-04', 'C100001251', '台中縣大肚鄉正榮街77巷43號底二層', '孟木生', '04-42272406', '5', '14', '001'),
(126, 913039, '於致聖', '1984-11-04', 'C100001260', '台中縣大里市中華路103-1 號5F', '於振峰', '04-42232710', '1', '12', '001'),
(127, 913040, '易嘉莉', '1984-05-30', 'A100001277', '台中縣大雅鄉花源五街7號6樓', '易榮華', '04-46263210', '2', '17', '001'),
(128, 913041, '林佳真', '1982-06-11', 'A100001286', '台中縣太平市路1巷66-8號', '林廖森', '04-43233266', '3', '17', '001'),
(129, 913042, '武惠玲', '1982-03-09', 'F100001290', '南投縣仁愛鄉加投路六鄰23號之3 2F', '武文和', '04-49286193', '4', '8', '001'),
(130, 913043, '邵鳳玲', '1984-02-06', 'C100001304', '台中縣外埔鄉復興路230巷63號', '邵春河', '04-43371767', '5', '14', '001'),
(131, 913044, '邱怡菁', '1983-03-15', 'C100001313', '台中縣石岡鄉112巷2 弄11-3號4F', '邱明宗', '04-34274782', '6', '16', '001'),
(132, 913045, '金佳純', '1984-04-21', 'C100001322', '台中縣后里鄉中正街656巷40號2F', '金寬二', '04-44624537', '1', '14', '001'),
(133, 913046, '侯秋燕', '1984-08-30', 'C200001333', '台中縣沙鹿鎮154巷11-2號3F', '侯金木', '04-46150755', '2', '27', '001'),
(134, 913047, '姜玉茹', '1983-12-26', 'C200001342', '台中縣和平鄉187-1號2F', '姜政聲', '04-46227840', '3', '17', '001'),
(135, 913048, '姚怡婷', '1984-03-17', 'C200001351', '台中縣東勢鎮漁港三街146 號3F', '姚國清', '04-43691540', '4', '16', '001'),
(136, 913049, '段秀玉', '1984-08-27', 'F200001363', '南投縣南投市磺潭村清水路13號', '段黃英', '04-49484536', '5', '8', '001'),
(137, 913050, '胡月香', '1983-10-05', 'P200001379', '台中縣烏日鄉基金二路1巷158號', '胡素碧', '04-41691122', '1', '23', '001'),
(138, 913051, '范蕙琴', '1983-11-21', 'C200001388', '台中縣神岡鄉北寧路369巷27-3號', '范英連', '04-46191518', '2', '14', '001'),
(139, 913052, '唐千怡', '1984-01-04', 'C200001397', '台中縣梧棲鎮信二路101號之4,4樓', '唐新田', '04-42339773', '3', '17', '001'),
(140, 913053, '夏喬后', '1984-01-29', 'C200001404', '台中縣清水鎮188巷14之3號', '夏榮文', '04-43579947', '4', '25', '001'),
(141, 913054, '孫小芬', '1984-07-21', 'L200001410', '南投縣埔里鎮仁愛路67巷9 號3F', '孫春菅', '04-41986214', '5', '9', '001'),
(142, 913055, '徐姍珊', '1984-04-13', 'C200001422', '台中縣新社鄉正濱路116巷7弄10號5F', '徐清隆', '04-46223474', '6', '14', '001'),
(143, 913056, '秦書敏', '1984-10-09', 'C100001439', '台中縣潭子鄉中山二路32號', '秦銀女', '04-42333128', '1', '12', '001'),
(144, 913057, '袁曉雯', '1984-07-26', 'F100001441', '台中縣龍井鄉源遠路152巷31號5F', '袁清連', '04-42573183', '2', '25', '001'),
(145, 913058, '郝雅萍', '1984-07-10', 'P100001457', '台中縣豐原市泰安路22號1F', '郝進後', '04-13515078', '3', '12', '001'),
(146, 913059, '馬瑩純', '1984-08-01', 'F100001469', '南投縣草屯鎮瑪鍊下街49號', '馬春長', '04-41925378', '4', '8', '001'),
(147, 913060, '高佳芬', '1984-05-20', 'C100001475', '台中縣霧峰鄉北寧路31巷4-1號', '高金吉', '04-46329028', '5', '14', '001'),
(148, 913061, '崔秋萍', '1980-10-29', 'F100001487', '南投縣竹山鎮仁和路41號2F', '崔有福', '04-14902565', '6', '1', '001'),
(149, 913062, '常雯蓉', '1983-12-07', 'F100001496', '南投縣集集鎮仁和路41號2F', '常有福', '04-43902656', '1', '1', '001'),
(150, 913063, '康如宜', '1984-04-12', 'C100001500', '台中縣大甲鎮信二路174巷49-4號5F', '康添財', '04-42295279', '2', '17', '001'),
(151, 913064, '張玉如', '1982-12-22', 'P100001519', '台中縣大安鄉12巷39號5F', '張淑霞', '04-42177000', '3', '25', '001'),
(152, 913065, '曹佳穎', '1984-07-19', 'C100001528', '台中縣大肚鄉東明路54號4F', '曹勝華', '04-46514149', '4', '17', '001'),
(153, 913066, '梁素瑩', '1984-10-04', 'C100001537', '台中縣大里市中正路790-1 號', '梁銘振', '04-43621493', '5', '14', '001'),
(154, 913067, '許佩賢', '1984-03-25', 'C100001546', '台中縣大雅鄉180-7號5F', '許陽生', '04-43573452', '6', '25', '001'),
(155, 913068, '郭婉琪', '1983-10-11', 'C100001555', '台中縣太平市源遠路292巷4-1號2F', '郭瑞添', '04-45473379', '1', '25', '001'),
(156, 913069, '陳惠文', '1984-03-10', 'V100001560', '台中縣外埔鄉69號', '陳瑞欽', '090-022306', '2', '23', '001'),
(157, 913070, '陸少衿', '1984-04-24', 'C100001573', '台中縣石岡鄉69號', '陸林乾', '04-41653238', '3', '23', '001'),
(158, 913071, '章意如', '1984-08-10', 'F100001585', '南投縣名間鄉仁愛路124巷2號3F', '章顯榮', '04-13901148', '4', '1', '001'),
(159, 913072, '傅心怡', '1984-03-29', 'C100001591', '台中縣后里鄉武聖街144巷23號3F', '傅福長', '04-42333639', '5', '23', '001'),
(160, 913073, '喬苑茹', '1984-07-05', 'C100001608', '台中縣沙鹿鎮工建路172號2F', '喬振興', '04-45213353', '1', '18', '001'),
(161, 913074, '彭曉茹', '1984-10-26', 'C100001617', '台中縣和平鄉崇德路68號底樓', '彭金牛', '023-4286109', '2', '27', '001'),
(162, 913075, '曾懷文', '1984-09-17', 'C100001626', '台中縣東勢鎮寧靜街48號1F', '曾南方', '04-43575236', '3', '25', '001'),
(163, 913076, '湯麗芳', '1983-10-23', 'V100001631', '台中縣烏日鄉中正路345號之4,5樓', '湯義聖', '04-46432694', '4', '14', '001'),
(164, 913077, '程巧鈐', '1984-11-04', 'F100001647', '台中縣神岡鄉源遠路243號', '程金來', '04-42574792', '5', '25', '001'),
(165, 913078, '賀若霜', '1984-10-29', 'C100001653', '台中縣梧棲鎮新豐街159號4樓', '賀忠勇', '04-41691101', '6', '16', '001'),
(166, 913079, '馮曉娟', '1984-01-08', 'C100001662', '台中縣清水鎮龍安街29號5F', '馮建財', '04-42727145', '1', '23', '001'),
(167, 913080, '黃玉燕', '1983-10-28', 'U100001676', '台中縣新社鄉正濱路116巷5弄9號5F', '黃阿德', '04-46129726', '2', '14', '001'),
(168, 913081, '楊佳雯', '1984-05-21', 'C100001680', '台中縣潭子鄉祥豐街112號3F', '楊建良', '04-46121345', '3', '14', '001'),
(169, 913082, '萬明瑜', '1984-11-04', 'C100001699', '台中縣龍井鄉新西街207巷30之3號4F', '萬朝國', '04-41255482', '4', '27', '001'),
(170, 913083, '葉欣瑜', '1984-10-29', 'F100001709', '台中縣豐原市168巷13弄10 號4F', '葉鳳嬌', '04-43265587', '5', '16', '001'),
(171, 913084, '董婉婷', '1984-07-19', 'F100001718', '南投縣鹿谷鄉岳王路78號4F', '董陳竹', '04-49722475', '1', '2', '001'),
(172, 913085, '賈淑美', '1983-04-15', 'G100001728', '台中縣霧峰鄉105號', '賈清標', '04-42264907', '2', '25', '001'),
(173, 913086, '鄒雅玲', '1984-09-15', 'C100001733', '台中縣大甲鎮中船路90巷3 號3F', '鄒勝奇', '04-42842842', '3', '14', '001'),
(174, 913087, '廖雅慧', '1982-12-15', 'F100001745', '南投縣中寮鄉四維路41號1F', '廖錦亮', '04-49822759', '4', '9', '001'),
(175, 913088, '熊蓉蓉', '1983-12-07', 'E100001753', '台中縣大安鄉和一路75號3F', '熊美月', '04-46322685', '5', '14', '001'),
(176, 913089, '趙依萍', '1983-12-05', 'V100001766', '台中縣大肚鄉新豐街327巷24號', '趙光仁', '04-46922153', '6', '16', '001'),
(177, 913090, '劉玲蓉', '1984-01-17', 'E100001771', '南投縣魚池鄉清水路60巷16號', '劉文政', '04-49824056', '1', '9', '001'),
(178, 913091, '潘素麗', '1984-10-05', 'C100001788', '台中縣大里市平二路19巷17號', '潘春隆', '04-41623518', '2', '14', '001'),
(179, 913092, '蔣鈺惠', '1984-01-12', 'H100001792', '南投縣國姓鄉明里路121號', '蔣黃翔', '04-49262023', '3', '2', '001'),
(180, 913093, '蔡秀娟', '1984-07-09', 'E100001806', '台中縣大雅鄉漁港三街108 號5F', '蔡清平', '04-46295677', '4', '16', '001'),
(181, 913094, '鄭姍玫', '1984-11-26', 'F100001816', '南投縣中寮鄉朝陽街20號', '鄭文然', '04-49341228', '5', '1', '001'),
(182, 913095, '鄧雅麟', '1984-02-02', 'C100001822', '台中縣太平市191號之5F', '鄧慧卿', '04-41241255', '6', '16', '001'),
(183, 913096, '黎惠雯', '1984-11-06', 'C200001833', '台中縣外埔鄉路168巷52弄21號4F', '黎忠成', '04-46264103', '1', '17', '001'),
(184, 913097, '盧思雅', '1983-10-30', 'F200001845', '南投縣魚池鄉基山街22號', '盧志祥', '04-49736471', '2', '2', '001'),
(185, 913098, '蕭淑真', '1984-03-01', 'F200001854', '南投縣國姓鄉仁愛路116號', '蕭俊明', '04-49201673', '3', '1', '001'),
(186, 913099, '賴純慧', '1984-09-20', 'V200001866', '台中縣石岡鄉新豐街157號4樓', '賴彩祥', '04-46191499', '4', '16', '001'),
(187, 913100, '錢婉怡', '1983-10-24', 'C200001879', '台中縣后里鄉祥豐街319號5樓', '錢金樹', '04-46227923', '5', '14', '001'),
(188, 913101, '閻雅玲', '1984-02-02', 'F100001889', '南投縣水里鄉忠孝東路437 巷16號1F', '閻元在', '04-64110635', '6', '5', '001'),
(189, 913102, '龍曉韻', '1984-09-20', 'X100001891', '台中縣沙鹿鎮百二路88-2號3F', '龍峰瑞', '04-45122615', '1', '12', '001'),
(190, 913103, '戴梅玉', '1984-05-26', 'C100001902', '台中縣和平鄉和平街29巷51弄1號', '戴則貴', '04-46129151', '2', '14', '001'),
(191, 913104, '薛秋菊', '1983-04-28', 'C100001911', '台中縣東勢鎮172號之2,3樓', '薛錦基', '04-42728611', '3', '14', '001'),
(192, 913105, '謝淑秋', '1984-10-18', 'F100001923', '南投縣信義鄉魚行村新店街52號', '謝三郎', '04-49231326', '4', '10', '001'),
(193, 913106, '鍾麗秋', '1984-12-06', 'F100001932', '南投縣仁愛鄉貢寮街61號', '鍾天助', '04-49412498', '5', '1', '001'),
(194, 913107, '韓淑真', '1984-09-29', 'C100001948', '台中縣烏日鄉2-51號4F', '韓朝松', '04-46525202', '1', '17', '001'),
(195, 913108, '魏賴琦', '1984-08-22', 'F100001950', '南投縣南投市深澳路63號', '魏銀旺', '04-49772486', '2', '2', '001'),
(196, 913109, '羅淑玲', '1984-09-15', 'U100001961', '台中縣神岡鄉中華路105巷57號', '羅賜源', '04-42281534', '3', '12', '001'),
(197, 913110, '譚心培', '1984-07-01', 'F100001978', '南投縣埔里鎮三爪子坑路47巷2弄16-1', '譚志達', '04-42971397', '4', '2', '001'),
(198, 913111, '蘇富仙', '1984-06-26', 'N100001983', '台中縣梧棲鎮平三路13號5F', '蘇降復', '04-14625904', '5', '14', '001'),
(199, 913112, '顧怡芳', '1984-01-23', 'C100001993', '台中縣清水鎮樂利三街28巷27-2號3F', '顧宗成', '04-43121092', '6', '27', '001'),
(200, 913113, '龔慧玉', '1984-08-08', 'F100002000', '南投縣草屯鎮十分街202號', '龔榮富', '04-49258535', '1', '4', '001'),
(201, 913114, '丁嘉琪', '1984-06-12', 'C100002016', '台中縣新社鄉55巷12號4F', '丁坤清', '04-46262043', '2', '27', '001'),
(202, 913115, '尹伶霞', '1983-12-17', 'A100002023', '台中縣潭子鄉路11巷24弄8-2號3F', '尹玉音', '04-42824665', '3', '25', '001'),
(203, 913116, '孔潔如', '1984-06-12', 'F100002037', '南投縣竹山鎮中央路44巷27號', '孔國鈞', '04-63822956', '4', '7', '001'),
(204, 913117, '文元君', '1983-12-18', 'F100002046', '台中縣龍井鄉東信路180巷70號', '文明志', '04-46524922', '5', '17', '001'),
(205, 913118, '方姍珊', '1984-04-13', 'C100002052', '台中縣豐原市正濱路116巷7弄10號5F', '方清隆', '04-46223474', '1', '14', '001'),
(206, 913119, '毛蕙琴', '1983-11-21', 'C100002061', '台中縣霧峰鄉北寧路369巷27-3號', '毛英連', '04-46921518', '2', '14', '001'),
(207, 913120, '王思穎', '1984-08-16', 'A100002078', '台中縣大甲鎮安一路100 巷186號', '王翰嬌', '04-42377352', '3', '23', '001'),
(208, 913121, '史雪莉', '1984-07-07', 'C100002089', '台中縣大安鄉堵南里溪頭街23號', '史和睦', '04-45142263', '4', '12', '001'),
(209, 913122, '田佳佳', '1984-07-08', 'F100002091', '南投縣集集鎮大埔路231號', '田信弘', '04-45378084', '5', '2', '001'),
(210, 913123, '白嘉惠', '1984-05-20', 'C100002105', '台中縣大肚鄉過港路154號1F', '白錦德', '04-45731354', '6', '25', '001'),
(211, 913124, '石欣玲', '1984-04-24', 'C100002114', '台中縣大里市北寧路349-1號', '石順發', '04-46394377', '1', '14', '001'),
(212, 913125, '任千怡', '1984-01-04', 'C100002123', '台中縣大雅鄉信二路101號之4,4樓', '任新田', '04-42339773', '2', '17', '001'),
(213, 913126, '朱秀容', '1984-09-18', 'F100002135', '南投縣名間鄉建基路2段116號', '朱賜宗', '04-49731685', '3', '2', '001'),
(214, 913127, '江香君', '1984-02-07', 'P100002141', '台中縣太平市信六路12號2F', '江民意', '04-42830427', '4', '14', '001'),
(215, 913128, '何嘉容', '1983-12-02', 'C100002150', '台中縣外埔鄉大華一路78號', '何武雄', '04-45652210', '5', '18', '001'),
(216, 913129, '余憶萍', '1984-04-04', 'C100002169', '台中縣石岡鄉安和一街4巷12號2F', '余聰明', '04-43153123', '6', '23', '001'),
(217, 913130, '吳秀玲', '1984-07-28', 'F100002171', '南投縣鹿谷鄉大同路2段202號7F', '吳龍昌', '04-64723223', '1', '5', '001'),
(218, 913131, '呂秀娟', '1984-07-28', 'F100002180', '南投縣中寮鄉大同路2段202號7F', '呂龍昌', '04-64732223', '2', '5', '001'),
(219, 913132, '宋依婷', '1983-11-08', 'F100002199', '南投縣魚池鄉中央路48巷4 號1F吉祥', '宋新勇', '04-45731667', '3', '2', '001'),
(220, 913133, '李佳瑩', '1983-10-13', 'C100002203', '台中縣后里鄉和一路84巷20弄65號', '李坤祥', '04-46323095', '4', '14', '001'),
(221, 913134, '杜怡亭', '1984-02-09', 'N100002211', '台中縣沙鹿鎮東勢街6-34號', '杜春烈', '04-45370919', '5', '24', '001'),
(222, 913135, '沈雨欣', '1984-05-25', 'F100002224', '南投縣國姓鄉汐萬路二段66巷63弄6號', '沈永源', '04-63463941', '6', '5', '001'),
(223, 913136, '汪圓惠', '1984-11-02', 'C100002230', '台中縣和平鄉750號', '汪順義', '04-46328151', '1', '16', '001'),
(224, 913137, '周秀芬', '1984-03-04', 'C100002249', '南投縣中寮鄉大埔路115巷26-3號', '周明輝', '04-45733874', '2', '2', '001'),
(225, 913138, '孟 涵', '1984-01-11', 'C100002258', '台中縣東勢鎮239號3F', '孟守義', '04-42635636', '3', '27', '001'),
(226, 913139, '於偉齡', '1984-04-09', 'C100002267', '南投縣魚池鄉水源路1段286號2F', '於品山', '04-43224375', '4', '5', '001'),
(227, 913140, '易心怡', '1983-10-09', 'C100002276', '台中縣烏日鄉南榮路121號5F', '易德煌', '04-42238022', '5', '20', '001'),
(228, 913141, '林永安', '1984-09-19', 'F100002288', '南投縣國姓鄉逢甲路330號', '林基珍', '04-49371879', '1', '2', '001'),
(229, 913142, '武惟琇', '1983-11-30', 'A100002292', '台中縣神岡鄉東信路258巷31-4號5F', '武捷隆', '04-46256341', '2', '17', '001'),
(230, 913143, '邵喬后', '1984-01-29', 'C100002301', '台中縣梧棲鎮街131巷 12之2號', '邵榮文', '04-43228909', '3', '23', '001'),
(231, 913144, '邱麗梅', '1983-02-03', 'C100002310', '台中縣清水鎮北寧路369巷43號', '邱朝福', '04-46292059', '4', '14', '001'),
(232, 913145, '金瓊如', '1984-03-22', 'C100002329', '台中縣新社鄉南路337號', '金朝枝', '04-42270612', '5', '26', '001'),
(233, 913146, '侯玉梅', '1984-06-29', 'A100002336', '南投縣水里鄉公園路10號', '侯金連', '04-64121082', '6', '5', '001'),
(234, 913147, '姜亦潔', '1984-08-09', 'C100002347', '台中縣潭子鄉福二街204之4號', '姜美雲', '04-42512482', '1', '12', '001'),
(235, 913148, '姚長怡', '1984-03-16', 'C100002356', '台中縣龍井鄉安和一街6巷46-4號5F', '姚士清', '04-43116796', '2', '23', '001'),
(236, 913149, '段音如', '1983-12-11', 'C100002365', '台中縣豐原市大華一路34-3號1F', '段連東', '04-45611878', '3', '18', '001'),
(237, 913150, '胡曉琳', '1984-01-16', 'C100002374', '台中縣霧峰鄉崇孝街71號之3四樓', '胡萬枝', '04-45163290', '4', '12', '001'),
(238, 913151, '范錦儒', '1983-09-23', 'F100002386', '南投縣信義鄉瑞興新村12巷11號', '范東興', '04-41968686', '5', '2', '001'),
(239, 913152, '唐靜華', '1984-07-25', 'F100002395', '南投縣仁愛鄉大埔路有勝二村6號4F', '唐金城', '04-45718171', '1', '2', '001'),
(240, 913153, '夏麗玲', '1984-01-07', 'C100002409', '台中縣大甲鎮西定路368巷22號2F', '夏清溪', '04-42614981', '2', '14', '001'),
(241, 913154, '孫麗涵', '1983-10-15', 'C200002410', '台中縣大安鄉中正路51號', '孫耀明', '04-42122695', '3', '14', '001'),
(242, 913155, '徐雪如', '1984-07-30', 'C200002429', '台中縣大肚鄉南榮路117巷35弄12之3', '徐燕魁', '04-42218110', '4', '26', '001'),
(243, 913156, '秦佩芬', '1984-10-03', 'C200002438', '台中縣大里市樂利三街34巷10號', '秦達明', '04-43135864', '5', '27', '001'),
(244, 913157, '袁惠晴', '1984-04-05', 'C200002447', '台中縣大雅鄉正義路29巷14號1F', '袁福雄', '04-41241812', '6', '14', '001'),
(245, 913158, '郝瑞婷', '1984-03-02', 'M200002454', '台中縣太平市祥豐街68巷306號', '郝介吾', '04-14623046', '1', '11', '001'),
(246, 913159, '馬嘉琪', '1984-06-12', 'C200002465', '台中縣外埔鄉55巷12號4F', '馬坤清', '04-14662043', '2', '27', '001'),
(247, 913160, '高素鳳', '1984-07-18', 'F200002477', '南投縣南投市三爪子路69巷14號4F', '高政宗', '04-41960256', '3', '2', '001'),
(248, 913161, '崔曉芬', '1983-12-11', 'C200002483', '台中縣石岡鄉南新街218-1 號2F', '崔雲庚', '04-42832850', '4', '19', '001'),
(249, 913162, '常鈺玟', '1983-12-05', 'D200002493', '台中縣后里鄉百六街23號4F', '常澤田', '04-45162208', '5', '12', '001'),
(250, 913163, '康宜敏', '1984-03-12', 'F200002502', '台中縣沙鹿鎮中山一路35巷15號3F', '康簡碧', '04-42728447', '6', '12', '001'),
(251, 913164, '張亦文', '1984-06-22', 'F200002511', '南投縣埔里鎮建基路弘祥新村1段2號', '張柯滿', '04-49270998', '1', '2', '001'),
(252, 913165, '曹曉琪', '1983-11-28', 'C200002527', '台中縣和平鄉新豐街161巷75號3F', '曹神舜', '04-13693477', '2', '16', '001'),
(253, 913166, '梁怡芳', '1984-01-23', 'C200002536', '台中縣東勢鎮樂利三街28巷27-2號3F', '梁宗成', '04-43221092', '3', '27', '001'),
(254, 913167, '許書敏', '1984-10-09', 'C200002545', '台中縣烏日鄉中山二路32號', '許銀女', '04-42233128', '4', '12', '001'),
(255, 913168, '郭巧真', '1984-02-27', 'C100002552', '台中縣神岡鄉89巷47之2號3F', '郭總成', '04-42247115', '5', '21', '001'),
(256, 913169, '陳曼雯', '1983-10-28', 'C100002561', '台中縣梧棲鎮樂利三街30巷4號', '陳清泉', '04-43124294', '6', '27', '001'),
(257, 913170, '陸慧玉', '1984-08-08', 'F100002573', '南投縣草屯鎮十分街202號', '陸榮富', '04-49528535', '1', '4', '001'),
(258, 913171, '章詩萍', '1984-02-19', 'A100002587', '南投縣竹山鎮瑞濱路93號', '章雅雄', '04-49277703', '2', '2', '001'),
(259, 914001, '傅佳怡', '1984-09-20', 'C100002598', '台中縣清水鎮安一路166-3 號4F', '傅聖寬', '04-14237541', '3', '23', '001'),
(260, 914002, '喬嘉瑋', '1983-06-25', 'A100002603', '台中縣新社鄉信二路224巷3號', '喬蓮琴', '04-42227371', '4', '17', '001'),
(261, 914003, '彭君怡', '1984-06-20', 'F100002617', '台中縣潭子鄉正義路2巷46 號1F', '彭寶琴', '04-42231279', '5', '14', '001'),
(262, 914004, '曾靜瑩', '1984-07-27', 'V100002629', '南投縣集集鎮復興路37號', '曾明雄', '04-64319784', '1', '5', '001'),
(263, 914005, '湯怡珊', '1984-03-08', 'C100002632', '台中縣龍井鄉寧靜街151-28號1F', '湯志士', '04-45174027', '2', '25', '001'),
(264, 914006, '程錦芳', '1984-08-09', 'F100002644', '南投縣名間鄉瑞竹路59號', '程三源', '04-45728128', '3', '2', '001'),
(265, 914007, '賀淑穎', '1984-07-21', 'C100002650', '台中縣豐原市愛四路3-1號', '賀明賢', '04-42822370', '4', '23', '001'),
(266, 914008, '馮筱慧', '1983-10-12', 'C100002669', '台中縣霧峰鄉文化路50巷1 弄6號1F', '馮月嬌', '04-42614657', '5', '14', '001'),
(267, 914009, '黃佳玲', '1984-09-20', 'C100002678', '台中縣大甲鎮中船路112巷30弄12號', '黃春松', '04-41273279', '6', '14', '001'),
(268, 914010, '楊雅惠', '1983-04-09', 'F100002680', '南投縣鹿谷鄉民權街12巷25號', '楊勝芳', '04-49616522', '1', '2', '001'),
(269, 914011, '萬燕鈴', '1980-05-25', 'F100002699', '南投縣中寮鄉傑魚坑路271 號', '萬份來', '04-49748168', '2', '2', '001'),
(270, 914012, '葉君美', '1983-02-14', 'V100002709', '台中縣大安鄉明德一路2巷21號5F', '葉金玉', '04-41551181', '3', '12', '001'),
(271, 914013, '董宜慧', '1984-03-03', 'C100002712', '台中縣大肚鄉百六街107巷18號3樓', '董信次', '04-45113262', '4', '12', '001'),
(272, 914014, '賈淑芬', '1984-09-13', 'F100002724', '南投縣魚池鄉十分街34號', '賈松進', '04-49518551', '5', '4', '001'),
(273, 914015, '鄒家萱', '1983-12-18', 'C100002730', '台中縣大里市實踐路294巷8號1F', '鄒成富', '04-45215824', '1', '12', '001'),
(274, 914016, '廖怡芬', '1983-09-16', 'C100002749', '台中縣大雅鄉西定路351號2F', '廖黃水', '04-42462747', '2', '14', '001'),
(275, 914017, '熊筑伶', '1984-06-17', 'H100002753', '台中縣太平市安樂路一段266號2F', '熊勝賢', '04-13244999', '3', '23', '001'),
(276, 914018, '趙雅琳', '1984-06-14', 'F100002760', '南投縣國姓鄉忠孝東路234 號2F', '趙三奇', '04-64217527', '4', '5', '001'),
(277, 914019, '劉百合', '1984-12-27', 'C100002776', '台中縣外埔鄉新丰街251巷10弄8號', '劉榮煌', '04-46293569', '5', '16', '001'),
(278, 914020, '潘春梅', '1984-02-11', 'C100002785', '台中縣石岡鄉和一路58巷23號5F', '潘瑞源', '04-46228033', '6', '14', '001'),
(279, 914021, '蔣淑秋', '1983-11-11', 'G100002798', '宜蘭縣三星鄉大溪里仁澤新村2號', '蔣長波', '039-781717', '1', '28', '001'),
(280, 914022, '蔡淑娟', '1984-07-18', 'C100002801', '台中縣后里鄉大同街21號', '蔡瑞榮', '04-45265527', '2', '18', '001'),
(281, 914023, '鄭嘉燕', '1984-09-26', 'C100002810', '台中縣沙鹿鎮基金一路208 巷18號', '鄭阿生', '04-43210943', '3', '23', '001'),
(282, 914024, '鄧賜華', '1984-07-14', 'C100002829', '台中縣和平鄉和一路127號', '鄧國權', '04-46225239', '4', '14', '001'),
(283, 914025, '黎麗玲', '1983-10-10', 'F100002831', '台中縣東勢鎮中正路702號 之2三樓', '黎文進', '04-46220301', '5', '14', '001'),
(284, 914026, '盧莉萍', '1984-09-06', 'G100002841', '台中縣烏日鄉正濱路26巷22號', '盧松輝', '04-46202615', '6', '14', '001'),
(285, 914027, '蕭筱怡', '1984-04-21', 'C100002856', '台中縣神岡鄉武嶺街144號3樓', '蕭秋欽', '04-43223684', '1', '27', '001'),
(286, 914028, '賴雅雯', '1984-08-23', 'C100002865', '台中縣梧棲鎮培德路7巷25 號3F', '賴文德', '04-46257141', '2', '17', '001'),
(287, 914029, '錢麗琴', '1983-11-28', 'E100002876', '台中縣清水鎮漁港三街106 號5F', '錢三益', '04-46295688', '3', '16', '001'),
(288, 914030, '閻慧蘭', '1984-03-11', 'C100002883', '台中縣新社鄉愛五路6巷46 號', '閻寬永', '04-42523628', '4', '23', '001'),
(289, 914031, '龍苑君', '1984-02-05', 'C100002892', '台中縣潭子鄉開元路104-4 號', '龍添福', '04-45623321', '5', '12', '001'),
(290, 914032, '戴亦芳', '1984-08-05', 'C100002909', '台中縣龍井鄉信二路74巷18號', '戴坤銘', '04-42201911', '6', '17', '001'),
(291, 914033, '薛雅芳', '1984-08-16', 'F100002911', '南投縣中寮鄉十分街215號', '薛榮華', '04-49580260', '1', '4', '001'),
(292, 914034, '謝佩君', '1984-08-24', 'C100002927', '台中縣豐原市水源路9-9號2F', '謝兩傳', '04-45720238', '2', '24', '001'),
(293, 914035, '鍾郁鈴', '1984-08-16', 'F100002939', '南投縣魚池鄉瑪鍊路2號3F', '鍾崇煌', '04-49212916', '3', '8', '001'),
(294, 914036, '韓卓葳', '1984-08-06', 'C100002945', '台中縣霧峰鄉培德路2巷32 號5F', '韓培興', '04-46258603', '4', '17', '001'),
(295, 914037, '魏佳琪', '1982-07-29', 'F100002957', '南投縣國姓鄉金包里街73號', '魏清河', '04-49281806', '5', '9', '001'),
(296, 914038, '羅孟君', '1984-08-18', 'C100002963', '台中縣大甲鎮中山1路241巷20號', '羅德和', '04-42230795', '1', '12', '001'),
(297, 914039, '譚婷婷', '1984-01-16', 'F100002975', '南投縣水里鄉磺港路26號', '譚明全', '04-49282994', '2', '9', '001'),
(298, 914040, '蘇詩平', '1983-10-12', 'F100002984', '南投縣信義鄉三爪子坑64-10號1F', '蘇阿涼', '04-42970812', '3', '2', '001'),
(299, 914041, '顧曉君', '1983-11-23', 'C100002990', '台中縣大安鄉安一路278巷62弄69號', '顧佳銘', '04-42328592', '4', '23', '001'),
(300, 914042, '龔琬珊', '1983-11-14', 'C100003004', '台中縣大肚鄉愛五路10巷3 號', '龔寬忠', '04-42323529', '5', '23', '001'),
(301, 914043, '丁曉琦', '1984-08-28', 'C100003013', '台中縣大里市祥豐街71號3F', '丁聯祥', '04-46220872', '6', '15', '001'),
(302, 914044, '尹惠琳', '1983-10-28', 'C100003022', '台中縣大雅鄉復興212巷21 弄69號', '尹阿財', '04-43726182', '1', '14', '001'),
(303, 914045, '孔秀雅', '1984-06-24', 'F100003034', '台中縣太平市中正路182巷33-1號', '孔景仁', '04-42826086', '2', '14', '001'),
(304, 914046, '文鈺淳', '1983-08-24', 'C100003040', '台中縣外埔鄉86號2F', '文秀美', '04-42728847', '3', '17', '001'),
(305, 914047, '方憶萍', '1984-01-29', 'F100003052', '南投縣仁愛鄉共和村中山路30號', '方文三', '04-49321325', '4', '10', '001'),
(306, 914048, '毛尹華', '1983-02-20', 'F100003061', '南投縣南投市和平街6巷5弄11號3F', '毛國隆', '04-64213941', '5', '5', '001'),
(307, 914049, '王淑如', '1983-09-28', 'C100003077', '台中縣石岡鄉仁安街53巷8 之1號', '王金塗', '04-42725487', '1', '14', '001'),
(308, 914050, '史嘉雯', '1984-10-18', 'F100003089', '南投縣埔里鎮海濱路162號', '史深淵', '04-49726061', '2', '2', '001'),
(309, 914051, '田佳玲', '1984-07-23', 'C100003095', '台中縣后里鄉105號', '田慶良', '04-13276443', '3', '17', '001'),
(310, 914052, '白蕙如', '1984-01-13', 'C100003102', '台中縣沙鹿鎮中山一路241巷94號', '白炳坤', '04-42323372', '4', '12', '001'),
(311, 914053, '石蕾苑', '1983-07-17', 'C100003111', '台中縣和平鄉福二街154巷18號4樓', '石新居', '04-45121754', '5', '12', '001'),
(312, 914054, '任婉菱', '1984-04-14', 'C100003120', '台中縣東勢鎮630號', '任坤弟', '04-46221280', '6', '16', '001'),
(313, 914055, '朱玉純', '1984-05-12', 'C100003139', '台中縣烏日鄉平三路21號3F', '朱阿樹', '04-46222411', '1', '14', '001'),
(314, 914056, '江欣蕙', '1984-01-30', 'F100003141', '南投縣草屯鎮三爪坑路91巷22號', '江錦淵', '04-49662962', '2', '2', '001'),
(315, 914057, '何春蘭', '1984-07-05', 'C100003157', '台中縣神岡鄉275號2F', '何金隆', '04-45724770', '3', '25', '001'),
(316, 914058, '余家妮', '1983-11-26', 'C100003166', '南投縣竹山鎮忠義路55巷5 號3F', '余李淑', '04-26025665', '4', '3', '001'),
(317, 914059, '吳靜蘋', '1984-05-28', 'C100003175', '台中縣梧棲鎮義三路4巷31 號', '吳文智', '04-42622482', '5', '17', '001'),
(318, 914060, '呂美桂', '1984-08-09', 'C100003184', '台中縣清水鎮樂利三街34巷18號', '呂阿雲', '04-43122553', '6', '27', '001'),
(319, 914061, '宋玉珊', '1983-09-22', 'C100003193', '台中縣新社鄉街263巷19弄33號底層', '宋林忠', '04-43325081', '1', '25', '001'),
(320, 914062, '李玉菁', '1981-02-16', 'C100003200', '台中縣潭子鄉明德一路98-4號', '李基隆', '04-45642603', '2', '12', '001'),
(321, 914063, '杜若男', '1984-06-05', 'C100003219', '台中縣龍井鄉西定路51號4F', '杜宗輝', '04-42925626', '3', '14', '001'),
(322, 914064, '沈馨怡', '1984-01-01', 'C100003228', '台中縣豐原市東信路154巷7-3號4F', '沈菊嵊', '04-46520898', '4', '17', '001'),
(323, 914065, '汪玉真', '1984-09-16', 'C200003239', '台中縣霧峰鄉仁二路137巷64號', '汪清吉', '04-42427913', '5', '16', '001'),
(324, 914066, '周宛華', '1984-05-25', 'F200003241', '南投縣集集鎮中山路263巷9號4F', '周聰明', '04-49825626', '6', '9', '001'),
(325, 914067, '孟玫芳', '1983-12-16', 'C200003257', '台中縣大甲鎮定國路119巷21 號', '孟兆亮', '04-42722859', '1', '23', '001'),
(326, 914068, '於淑瑛', '1984-05-21', 'C200003266', '台中縣大安鄉119巷15弄3號', '於志鵬', '04-46282032', '2', '16', '001'),
(327, 914069, '易美玲', '1981-10-23', 'E200003277', '台中縣大肚鄉東光路4-5號底 層樓', '易金燧', '04-46261299', '3', '17', '001'),
(328, 914070, '林雯琪', '1983-10-25', 'F200003287', '台中縣大里市定國街125號', '林月里', '04-42524929', '4', '27', '001'),
(329, 914071, '武舒盈', '1984-06-06', 'F200003296', '南投縣名間鄉中山路46號', '武松江', '04-49272314', '5', '2', '001'),
(330, 914072, '邵佩茹', '1983-06-17', 'F100003301', '南投縣鹿谷鄉忠孝東路451 號3樓', '邵麗芬', '04-64287313', '1', '5', '001'),
(331, 914073, '邱芷琳', '1984-02-09', 'C100003317', '台中縣大雅鄉武嶺街240-2 號3F', '邱金鐘', '04-42310872', '2', '23', '001'),
(332, 914074, '金婉如', '1984-02-21', 'C100003326', '台中縣太平市421巷103-2號3F', '金武華', '04-43124728', '3', '17', '001'),
(333, 914075, '侯惠瑜', '1984-07-14', 'F100003338', '南投縣中寮鄉汐萬路一段134號', '侯日成', '04-64214482', '4', '5', '001'),
(334, 914076, '姜雅鳳', '1984-03-17', 'F100003347', '南投縣魚池鄉磺港村31號', '姜武雄', '04-49283233', '5', '9', '001'),
(335, 914077, '姚嘉玲', '1983-08-15', 'F100003356', '南投縣國姓鄉新寮村3號', '姚慶福', '04-49582351', '6', '4', '001'),
(336, 914078, '段慧琪', '1984-08-08', 'C100003362', '台中縣外埔鄉正義路2巷46 號1F', '段象雄', '04-42231279', '1', '14', '001'),
(337, 914079, '胡梅貴', '1984-06-28', 'C100003371', '台中縣石岡鄉忠孝街610巷17號4F', '胡文科', '04-45270286', '2', '24', '001'),
(338, 914080, '范惠玲', '1984-01-10', 'F100003383', '南投縣中寮鄉和平街1號3F', '范色雄', '04-49286334', '3', '9', '001'),
(339, 914081, '唐雅君', '1984-09-08', 'G100003393', '台中縣后里鄉新丰街161巷126號2F', '唐彝香', '04-46294566', '4', '16', '001'),
(340, 914082, '夏嘉琳', '1984-06-11', 'C100003406', '台中縣沙鹿鎮西定路57號2F', '夏秋山', '04-42260818', '5', '14', '001'),
(341, 914083, '孫雲婷', '1984-04-12', 'C100003415', '台中縣和平鄉新西街57巷21號', '孫阿日', '04-42263256', '1', '27', '001'),
(342, 914084, '徐德芳', '1984-06-12', 'C100003424', '台中縣東勢鎮平一路320-3 號', '徐明富', '04-46225924', '2', '14', '001'),
(343, 914085, '秦琇雯', '1984-11-16', 'C100003433', '台中縣烏日鄉中山二路一巷53號', '秦進富', '04-42255976', '3', '12', '001'),
(344, 914086, '袁佩琳', '1984-04-08', 'C100003442', '台中縣神岡鄉139號', '袁謝萍', '04-46254736', '4', '17', '001'),
(345, 914087, '郝婉菁', '1983-09-28', 'T100003455', '台中縣梧棲鎮中華路1巷2號', '郝香筑', '04-42234146', '5', '14', '001'),
(346, 914088, '馬曉甄', '1983-10-10', 'N100003469', '南投縣魚池鄉瑪鍊路5-4號2F', '馬阿萬', '04-49222315', '6', '8', '001'),
(347, 914089, '高嘉琳', '1983-09-30', 'F100003472', '南投縣國姓鄉成功新村66號', '高政雄', '04-49222329', '1', '8', '001'),
(348, 914090, '崔筱穎', '1984-09-11', 'C100003488', '台中縣清水鎮劉銘傳路95巷1-1號2樓', '崔志誠', '04-13254994', '2', '23', '001'),
(349, 914091, '常佳昕', '1982-02-10', 'C100003497', '台中縣新社鄉95巷29號2F', '常重典', '04-13280672', '3', '16', '001'),
(350, 914092, '康思婷', '1984-02-16', 'F100003507', '南投縣水里鄉傑魚坑路217 號之1', '康建村', '04-13974743', '4', '2', '001'),
(351, 914093, '張秀珍', '1983-09-03', 'F100003516', '南投縣信義鄉半嶺路58號', '張輝次', '04-13985692', '5', '9', '001'),
(352, 914094, '曹意欣', '1984-10-05', 'F100003525', '台中縣潭子鄉定國街11巷14號', '曹明山', '04-13266601', '6', '23', '001'),
(353, 914095, '梁秀萍', '1984-09-07', 'F100003534', '南投縣仁愛鄉中正路65號2F', '梁田玉', '04-13983032', '1', '9', '001'),
(354, 914096, '許蓁齡', '1984-02-09', 'C100003540', '台中縣龍井鄉西定路308號', '許奄能', '04-13287226', '2', '14', '001'),
(355, 914097, '郭中慧', '1984-08-16', 'C100003559', '台中縣豐原市東碇路366號2F', '郭貽立', '04-13259126', '3', '27', '001'),
(356, 914098, '陳沛文', '1984-01-09', 'F100003561', '台中縣霧峰鄉暖碇路15巷26號', '陳瑞鳳', '03-23833704', '4', '25', '001'),
(357, 914099, '陸欣雅', '1984-02-25', 'C100003577', '台中縣大甲鎮正信路175巷8號', '陸玉蘭', '04-13655316', '5', '17', '001'),
(358, 914100, '章慧薰', '1983-12-11', 'C100003586', '台中縣大安鄉中山二路107 巷94號', '章培盛', '04-13238378', '6', '12', '001'),
(359, 914101, '傅婉如', '1983-12-16', 'C100003595', '台中縣大肚鄉崇信街41巷4-1 號2F', '傅勝毅', '04-13566607', '1', '12', '001'),
(360, 914102, '喬郁庭', '1984-04-15', 'C100003602', '台中縣大里市定國街119巷5號', '喬北海', '04-13262342', '2', '23', '001'),
(361, 914103, '彭意琳', '1984-01-16', 'A100003619', '台中縣大雅鄉實踐路112號5F', '彭振富', '04-13511275', '3', '12', '001'),
(362, 914104, '曾文泙', '1984-04-05', 'C100003620', '台中縣太平市一段69巷36號4F', '曾蔡麗', '04-13315894', '4', '27', '001'),
(363, 914105, '湯淑婷', '1984-01-13', 'F100003632', '台中縣外埔鄉東明路114號', '湯明麟', '04-13652808', '5', '17', '001'),
(364, 914106, '程詩萍', '1984-02-19', 'A100003646', '南投縣南投市瑞濱路93號', '程雅雄', '04-13977703', '1', '2', '001'),
(365, 914107, '賀昱呈', '1984-08-07', 'C100003657', '台中縣石岡鄉西定路110巷3號', '賀炳煌', '04-13281730', '2', '14', '001'),
(366, 914108, '馮欣璇', '1984-08-17', 'C100003666', '台中縣后里鄉福五街85巷44號1F', '馮國棟', '04-13517620', '3', '12', '001'),
(367, 914109, '黃湘儀', '1984-10-15', 'C100003675', '台中縣沙鹿鎮東信路55巷24-2號3F', '黃國雄', '04-13655539', '4', '17', '001'),
(368, 914110, '楊雅惠', '1980-11-08', 'F100003687', '南投縣埔里鎮鉋里街24號', '楊明珠', '04-13982021', '5', '9', '001'),
(369, 914111, '萬雅琳', '1983-10-22', 'C100003693', '台中縣和平鄉崇智街35巷10-7號4F', '萬順能', '04-13565040', '6', '12', '001'),
(370, 914112, '葉詩儀', '1984-01-09', 'C100003700', '台中縣東勢鎮月眉路65巷64號', '葉天來', '04-13659785', '1', '17', '001'),
(371, 914113, '董麗如', '1984-02-05', 'C100003719', '台中縣烏日鄉實踐路128-2 號3F', '董文良', '04-13511076', '2', '12', '001'),
(372, 914114, '賈姵吟', '1984-06-02', 'C100003728', '台中縣神岡鄉南新街20-1號2F', '賈昌盛', '04-13242243', '3', '16', '001'),
(373, 914115, '鄒佩萱', '1984-03-11', 'C100003737', '台中縣梧棲鎮街6 巷55-2號3F', '鄒德發', '04-13312719', '4', '23', '001'),
(374, 914116, '廖惠君', '1984-07-25', 'C100003746', '台中縣清水鎮431之4號5F', '廖孟哲', '04-13627910', '5', '17', '001'),
(375, 914117, '熊雅莉', '1984-06-25', 'F100003758', '台中縣新社鄉義二路215號4F', '熊坤霖', '04-13263451', '1', '16', '001'),
(376, 914118, '趙曉馨', '1984-04-29', 'F100003767', '台中縣潭子鄉安樂路2段166巷58號1F', '趙正隆', '04-13313556', '2', '23', '001'),
(377, 914119, '劉美玲', '1984-07-23', 'F100003776', '南投縣草屯鎮加投路158號', '劉蒼田', '04-13981872', '3', '8', '001'),
(378, 914120, '潘可欣', '1984-02-29', 'A100003780', '台中縣龍井鄉源遠路152巷15號14F', '潘培禎', '04-13572246', '4', '25', '001'),
(379, 914121, '蔣秀燕', '1984-03-05', 'C100003791', '南投縣竹山鎮三爪子坑路69巷15-2號3', '蔣義郎', '04-13979480', '5', '2', '001'),
(380, 914122, '蔡佳雯', '1984-09-16', 'F100003801', '南投縣集集鎮野柳村港東路71號4F', '蔡春生', '04-13922608', '6', '8', '001'),
(381, 914123, '鄭甫美', '1984-07-31', 'C100003817', '台中縣豐原市南榮路319巷19號', '鄭再壽', '04-13277780', '1', '22', '001'),
(382, 914124, '鄧靜苓', '1984-01-08', 'F100003829', '台中縣霧峰鄉中興路3巷11-8號', '鄧虞村', '04-13322703', '2', '17', '001'),
(383, 914125, '黎菲雯', '1984-06-08', 'F100003838', '南投縣名間鄉瑞興新村12巷2號4F', '黎朝福', '04-13977792', '3', '2', '001'),
(384, 914126, '盧雅琳', '1984-10-25', 'C100003844', '台中縣大甲鎮信二路25-2號3F', '盧文正', '04-13232924', '4', '17', '001'),
(385, 914127, '蕭宛真', '1983-12-30', 'C100003853', '台中縣大安鄉溪頭街24-3號4F', '蕭榮貴', '04-13513675', '5', '12', '001'),
(386, 914128, '賴惠茹', '1983-11-29', 'C100003862', '台中縣大肚鄉中山一路113 巷81號', '賴淑芳', '04-13239573', '6', '12', '001'),
(387, 914129, '錢珊珊', '1984-11-08', 'C100003871', '台中縣大里市中山二路51巷171-1號', '錢岳鐘', '04-13255170', '1', '12', '001'),
(388, 914130, '閻秋琴', '1983-10-23', 'C100003880', '台中縣大雅鄉定國街11巷39號', '閻依維', '04-13266643', '2', '23', '001'),
(389, 914131, '龍文雅', '1983-10-23', 'C100003899', '台中縣太平市安和一街129巷6-3號4F', '龍銘鐘', '04-13322516', '3', '23', '001'),
(390, 914132, '戴怡慈', '1984-07-04', 'F100003909', '南投縣鹿谷鄉屯山里石頭厝17-2號', '戴盧文', '04-28010287', '4', '6', '001'),
(391, 914133, '薛秀鳳', '1984-01-22', 'F100003918', '南投縣中寮鄉東和路63號1F', '薛月娥', '04-13960270', '5', '2', '001'),
(392, 914134, '謝鈺霞', '1984-06-19', 'C100003924', '台中縣外埔鄉街4巷47號', '謝幸福', '04-13319792', '6', '23', '001'),
(393, 914135, '鍾小芬', '1984-07-21', 'L100003930', '南投縣魚池鄉仁愛路67巷9 號3F', '鍾春菅', '04-13986214', '1', '9', '001'),
(394, 914136, '韓彩鳳', '1983-09-24', 'C100003942', '台中縣石岡鄉崇德路10巷38-37號2F', '韓治雄', '04-13256196', '2', '27', '001'),
(395, 914137, '魏修吟', '1984-07-24', 'C100003951', '台中縣后里鄉樂一路76巷11號', '魏則亮', '04-13252836', '3', '27', '001'),
(396, 914138, '羅筱慧', '1983-10-12', 'C100003960', '台中縣沙鹿鎮文化路50巷1 弄6號1F', '羅月嬌', '04-13264657', '4', '14', '001'),
(397, 915001, '譚琇怡', '1984-09-13', 'C100003979', '台中縣和平鄉崇德路218-12號3F', '譚萬福', '04-13279637', '5', '27', '001'),
(398, 915002, '蘇琬鈺', '1984-01-06', 'C100003988', '台中縣東勢鎮麥金路458號 之4五樓', '蘇仲信', '04-13335533', '1', '27', '001'),
(399, 915003, '顧美芳', '1984-02-26', 'H100003992', '南投縣國姓鄉仁五路3號3F', '顧新章', '04-13925229', '2', '8', '001'),
(400, 915004, '龔雅貞', '1984-03-05', 'C100004001', '台中縣烏日鄉復興街50巷23號', '龔朝玉', '04-13285231', '3', '23', '001'),
(401, 915005, '丁婉禎', '1984-09-04', 'C100004010', '台中縣神岡鄉崇德路85-12 號地下2F', '丁明正', '04-13246535', '4', '27', '001'),
(402, 915006, '尹芳儀', '1983-07-23', 'C100004029', '台中縣梧棲鎮西定路453號', '尹期昆', '04-13242097', '5', '14', '001'),
(403, 915007, '孔玉茹', '1984-09-26', 'F100004031', '台中縣清水鎮成功路67巷31號3樓', '孔文科', '04-13318166', '6', '16', '001'),
(404, 915008, '文麗婷', '1984-10-26', 'F100004040', '南投縣中寮鄉菁桐村二坑4 號', '文火樹', '04-13951570', '1', '4', '001'),
(405, 915009, '方秀瑩', '1983-12-05', 'C100004056', '台中縣新社鄉愛五路4-1號2樓', '方永進', '04-13285139', '2', '23', '001'),
(406, 915010, '毛怡雯', '1984-05-27', 'C100004065', '台中縣潭子鄉碇內街160巷4號', '毛金李', '04-13574877', '3', '25', '001'),
(407, 915011, '王文琪', '1984-03-29', 'C100004074', '台中縣龍井鄉街110號 4F', '王德銘', '04-13316105', '4', '25', '001'),
(408, 915012, '史忞燕', '1984-03-23', 'R100004085', '台中縣豐原市義七路19號4F', '史秀靜', '04-13224708', '5', '17', '001'),
(409, 915013, '田佳詩', '1983-12-21', 'C100004092', '台中縣霧峰鄉獅球路48巷55號', '田武龍', '04-13336325', '1', '23', '001'),
(410, 915014, '白慧怡', '1984-04-07', 'K100004106', '台中縣大甲鎮街二巷22-5號6F', '白火龍', '04-26212902', '2', '23', '001'),
(411, 915015, '石惠名', '1984-08-01', 'C100004118', '台中縣大安鄉復興街117巷13號2樓', '石清和', '04-13231378', '3', '23', '001'),
(412, 915016, '任瑞欣', '1983-11-26', 'V100004123', '台中縣大肚鄉新丰街327巷2號', '任勤努', '04-13693354', '4', '16', '001'),
(413, 915017, '朱玉萍', '1984-01-10', 'C100004136', '台中縣大里市六堵里工建路42號', '朱秋揚', '04-13510695', '5', '18', '001'),
(414, 915018, '江惠瑩', '1984-10-14', 'C100004145', '台中縣大雅鄉大華一路57巷11-2號3F', '江連興', '04-13551392', '6', '18', '001'),
(415, 915019, '何依婷', '1984-10-11', 'F100004157', '南投縣魚池鄉瑞竹路12號2F', '何金生', '04-13573797', '1', '2', '001'),
(416, 915020, '余欣妮', '1984-01-28', 'G100004167', '台中縣太平市通仁路20巷46號', '余美華', '04-13230461', '2', '14', '001'),
(417, 915021, '吳嘉玲', '1984-07-27', 'F100004175', '南投縣國姓鄉延平街69號', '吳春生', '04-13901172', '3', '1', '001'),
(418, 915022, '呂欣怡', '1984-08-14', 'C100004181', '台中縣外埔鄉19巷27號4F', '呂美鈴', '04-13323946', '4', '16', '001'),
(419, 915023, '宋彥蓉', '1984-09-19', 'M100004198', '台中縣石岡鄉開元路104-1 號2F', '宋陳鎬', '04-13567307', '5', '12', '001'),
(420, 915024, '李柏楨', '1984-04-08', 'F100004200', '台中縣后里鄉源遠路249巷11-2號3F', '李金德', '04-13572735', '6', '25', '001'),
(421, 915025, '杜慧玲', '1983-11-20', 'C100004216', '台中縣沙鹿鎮調和街17-8號3F', '杜文田', '04-13691790', '1', '16', '001'),
(422, 915026, '沈蕙敏', '1984-05-27', 'C100004225', '台中縣和平鄉中華路167巷13-3號', '沈玉嬌', '04-13286212', '2', '13', '001'),
(423, 915027, '汪純慧', '1983-10-14', 'C100004234', '台中縣東勢鎮龍安街340號', '汪進寶', '04-13232499', '3', '23', '001'),
(424, 915028, '周雅君', '1983-10-10', 'C100004243', '台中縣烏日鄉八堵路31巷1 號3F', '周清漢', '04-13570712', '4', '21', '001'),
(425, 915029, '孟伶樺', '1984-04-04', 'F100004255', '南投縣水里鄉仁愛路67巷14號3F', '孟俊湧', '04-13988057', '5', '9', '001'),
(426, 915030, '於淑珍', '1984-05-11', 'C100004261', '台中縣神岡鄉路131巷11弄4號5F', '於 書', '04-13322536', '6', '23', '001'),
(427, 915031, '易惠如', '1984-01-24', 'F100004273', '南投縣信義鄉128號', '易平郎', '04-13941300', '1', '1', '001'),
(428, 915032, '林文琪', '1984-06-03', 'F100004282', '南投縣仁愛鄉水源路1段185號', '林詹園', '04-26427938', '2', '5', '001'),
(429, 915033, '武怡琴', '1983-10-23', 'F100004291', '台中縣梧棲鎮劉銘傳路110 巷34號2F', '武啟輝', '04-13272209', '3', '23', '001'),
(430, 915034, '邵汶琪', '1984-01-30', 'F100004308', '南投縣中寮鄉港東路177號1F', '邵桂花', '04-13921744', '4', '8', '001'),
(431, 915035, '邱惠茹', '1984-09-13', 'F100004317', '南投縣魚池鄉福德一路102 巷16號', '邱正宗', '04-26941388', '5', '5', '001'),
(432, 915036, '金鈺婷', '1984-02-25', 'G100004327', '南投縣國姓鄉樟樹一路123-2號1F', '金兒燎', '04-26473809', '1', '5', '001'),
(433, 915037, '侯佩純', '1984-04-21', 'G100004336', '台中縣清水鎮518號', '侯祈財', '04-13623381', '2', '16', '001'),
(434, 915038, '姜雯菁', '1983-09-22', 'F100004344', '台中縣新社鄉樂利二街26號1樓', '姜寶根', '04-13315522', '3', '27', '001'),
(435, 915039, '姚愷莉', '1984-03-29', 'C100004350', '台中縣潭子鄉復興街105巷1號', '姚玉書', '04-13234590', '4', '23', '001'),
(436, 915040, '段聖芳', '1984-06-14', 'C100004369', '台中縣龍井鄉七巷29號', '段興益', '04-13653019', '5', '17', '001'),
(437, 915041, '胡嘉慧', '1984-01-13', 'C100004378', '台中縣豐原市437巷7號1F', '胡金玉', '04-13314538', '6', '17', '001'),
(438, 915042, '范欣怡', '1984-02-10', 'F100004380', '南投縣水里鄉仁愛路51號1F', '范李雄', '04-13984686', '1', '9', '001'),
(439, 915043, '唐利光', '1984-07-28', 'C100004396', '台中縣霧峰鄉龍安街94號', '唐明達', '04-13321631', '2', '23', '001'),
(440, 915044, '夏芳祺', '1984-10-22', 'F100004406', '南投縣信義鄉石門街29號5F', '夏正池', '04-26382102', '3', '7', '001'),
(441, 915045, '孫雅嵐', '1984-08-01', 'C100004412', '台中縣大甲鎮八堵路28號', '孫龍竹', '04-13581940', '4', '21', '001'),
(442, 915046, '徐文怡', '1984-06-21', 'C100004421', '台中縣大安鄉月眉路250巷19 號', '徐勝和', '04-13651852', '5', '27', '001'),
(443, 915047, '秦佳芳', '1982-10-24', 'C100004430', '台中縣大肚鄉路168巷50弄7號4F', '秦輝龍', '04-25077981', '1', '17', '001'),
(444, 915048, '袁桂綾', '1984-05-04', 'F100004442', '南投縣仁愛鄉大同路2段687巷23弄2號', '袁財團', '04-26434642', '2', '5', '001'),
(445, 915049, '郝怡珊', '1984-07-23', 'F100004451', '南投縣南投市新港街26巷21弄3號2F', '郝明雄', '04-13901985', '3', '1', '001'),
(446, 915050, '馬靖怡', '1984-08-22', 'C100004467', '南投縣埔里鎮仁愛路119巷19號四樓', '馬勝龍', '04-26479455', '4', '5', '001'),
(447, 915051, '高素惠', '1984-08-04', 'F100004479', '南投縣草屯鎮建基路2段97 號', '高萬生', '04-13975894', '5', '2', '001'),
(448, 915052, '崔雅苓', '1984-01-29', 'C100004485', '台中縣大里市35巷159號1F', '崔總富', '04-13655941', '6', '27', '001'),
(449, 915053, '常依雲', '1984-11-11', 'F100004497', '南投縣竹山鎮牡丹村233號', '常水木', '04-13934372', '1', '10', '001'),
(450, 915054, '康佳靜', '1984-07-18', 'C100004501', '台中縣大雅鄉培德路59號之1,5樓', '康明端', '04-13656789', '2', '17', '001'),
(451, 915055, '張淑梅', '1984-01-05', 'C100004510', '台中縣太平市二巷9-5號', '張崇武', '04-13621993', '3', '27', '001'),
(452, 915056, '曹曉燕', '1984-06-10', 'F100004522', '南投縣集集鎮港西路56-3號2F', '曹宗興', '04-13923628', '4', '8', '001'),
(453, 915057, '梁心怡', '1983-03-20', 'C100004538', '台中縣外埔鄉257號', '梁希滇', '04-13627038', '5', '17', '001'),
(454, 915058, '許秀美', '1984-06-27', 'C100004547', '台中縣石岡鄉復興路212巷23 弄23號', '許阿潻', '04-13257782', '6', '14', '001'),
(455, 915059, '郭美冠', '1983-12-01', 'F100004559', '南投縣名間鄉中山路180巷5弄11號', '郭福來', '04-13971390', '1', '2', '001'),
(456, 915060, '陳珮瑛', '1984-05-16', 'A100004563', '台中縣后里鄉愛三路9-3號9F', '陳淑珍', '04-13222830', '2', '23', '001'),
(457, 915061, '陸佳惠', '1983-12-09', 'C100004574', '台中縣沙鹿鎮寧靜街60巷20號 6F', '陸田濤', '04-13575282', '3', '25', '001'),
(458, 915062, '章靜玉', '1984-09-19', 'C100004583', '台中縣和平鄉華三街4號7樓', '章國楨', '04-13336213', '4', '23', '001'),
(459, 915063, '傅璧如', '1984-07-14', 'A100004590', '台中縣東勢鎮培德路12巷40-2號', '傅石村', '04-13656925', '5', '17', '001'),
(460, 915064, '喬琇婷', '1983-11-18', 'C100004609', '台中縣烏日鄉信二路36巷81號', '喬來成', '04-13259123', '6', '17', '001'),
(461, 915065, '彭嘉純', '1983-09-23', 'C100004618', '台中縣神岡鄉16巷70-11號', '彭茂金', '04-13573382', '1', '25', '001'),
(462, 915066, '曾銘芳', '1984-04-13', 'C100004627', '台中縣梧棲鎮348號之16', '曾連富', '04-13286436', '2', '23', '001'),
(463, 915067, '湯怡婷', '1983-05-06', 'C100004636', '台中縣清水鎮339號5F', '湯棋昌', '04-13282854', '3', '23', '001'),
(464, 915068, '程佳汎', '1984-07-04', 'C100004645', '台中縣新社鄉忠孝街281巷7號 3F', '程文卿', '04-13575009', '4', '24', '001'),
(465, 915069, '賀淑珍', '1984-06-14', 'V100004650', '台中縣潭子鄉開元路59-56 號', '賀福順', '04-13569139', '5', '12', '001');
INSERT INTO `students` (`id`, `school_num`, `name`, `birthday`, `uni_id`, `addr`, `parents`, `tel`, `dept`, `graduate_at`, `status_code`) VALUES
(466, 915070, '馮惠貞', '1984-10-20', 'F200004668', '南投縣鹿谷鄉中央路44巷18-1號1F', '馮永富', '04-26381985', '1', '7', '001'),
(467, 915071, '黃潔如', '1983-12-30', 'C200004674', '台中縣龍井鄉麥金路54號11樓', '黃明泉', '04-13333651', '2', '27', '001'),
(468, 915072, '楊靜漪', '1983-05-04', 'F200004686', '南投縣中寮鄉中正路93號', '楊欽賢', '04-26415225', '3', '5', '001'),
(469, 915073, '萬莉萍', '1983-10-15', 'C200004692', '台中縣豐原市25號', '萬燕青', '04-13323143', '4', '21', '001'),
(470, 915074, '葉玉婷', '1984-02-01', 'C200004709', '台中縣霧峰鄉國安路30巷16-2號3F', '葉文欽', '04-13576610', '5', '24', '001'),
(471, 915075, '董佳琪', '1984-03-21', 'F200004711', '台中縣大甲鎮崇智街27巷7-3號4F', '董瑞德', '04-13658126', '6', '12', '001'),
(472, 915076, '賈慧怡', '1984-06-21', 'C200004727', '台中縣大安鄉正榮街77巷35號底2樓', '賈鑽輝', '04-13632632', '1', '14', '001'),
(473, 915077, '鄒思怡', '1984-03-03', 'C200004736', '台中縣大肚鄉麥金路437巷14-3號', '鄒忠成', '04-13313918', '2', '27', '001'),
(474, 915078, '廖柔君', '1984-05-15', 'C200004745', '台中縣大里市中正路124號4樓', '廖啟彰', '04-13277422', '3', '14', '001'),
(475, 915079, '熊嘉慧', '1982-11-24', 'C200004754', '台中縣大雅鄉中平街17號之3 4F', '熊朝宗', '04-13233272', '4', '12', '001'),
(476, 915080, '趙佳蕙', '1984-01-18', 'C200004763', '台中縣太平市復興街107號', '趙朝陽', '04-13288094', '5', '23', '001'),
(477, 915081, '劉佳融', '1984-01-29', 'F200004775', '南投縣魚池鄉中福村59-2號', '劉阿屘', '04-13922431', '2', '8', '001'),
(478, 915082, '潘曉慧', '1983-12-30', 'A200004789', '南投縣國姓鄉輕便路5號', '潘崇義', '04-13969103', '3', '2', '001'),
(479, 915083, '蔣柏雲', '1984-06-27', 'C200004790', '台中縣外埔鄉25號4F', '蔣耒成', '04-13632327', '4', '27', '001');

-- --------------------------------------------------------

--
-- 資料表結構 `student_scores`
--

CREATE TABLE `student_scores` (
  `school_num` varchar(6) COLLATE utf8mb4_unicode_ci NOT NULL,
  `score` int(3) UNSIGNED NOT NULL
) ENGINE=InnoDB DEFAULT CHARSET=utf8mb4 COLLATE=utf8mb4_unicode_ci;

--
-- 傾印資料表的資料 `student_scores`
--

INSERT INTO `student_scores` (`school_num`, `score`) VALUES
('911001', 82),
('911002', 64),
('911003', 78),
('911004', 64),
('911005', 74),
('911006', 80),
('911007', 81),
('911008', 66),
('911009', 65),
('911010', 62),
('911011', 70),
('911012', 80),
('911013', 81),
('911014', 70),
('911015', 72),
('911016', 71),
('911017', 75),
('911018', 62),
('911019', 60),
('911020', 60),
('911021', 74),
('911022', 71),
('911023', 72),
('911024', 71),
('911025', 71),
('911026', 75),
('911027', 74),
('911028', 71),
('911029', 73),
('911030', 75),
('911031', 78),
('911032', 79),
('911033', 85),
('911034', 84),
('911035', 75),
('911036', 66),
('911037', 84),
('911038', 84),
('911039', 85),
('911040', 75),
('911041', 67),
('911042', 71),
('911043', 72),
('911044', 71),
('911045', 70),
('911046', 78),
('911047', 87),
('911048', 88),
('911049', 86),
('912001', 84),
('912002', 78),
('912003', 79),
('912004', 70),
('912005', 71),
('912006', 84),
('912007', 76),
('912008', 70),
('912009', 70),
('912010', 66),
('912011', 64),
('912012', 68),
('912013', 69),
('912014', 76),
('912015', 60),
('912016', 61),
('912017', 63),
('912018', 85),
('912019', 74),
('912020', 76),
('912021', 70),
('912022', 71),
('912023', 75),
('912024', 80),
('912025', 87),
('912026', 81),
('912027', 65),
('912028', 67),
('912029', 60),
('912030', 64),
('912031', 63),
('912032', 61),
('912033', 85),
('912034', 87),
('912035', 64),
('912036', 61),
('912037', 62),
('912038', 85),
('913001', 87),
('913002', 89),
('913003', 87),
('913004', 84),
('913005', 82),
('913006', 80),
('913007', 71),
('913008', 70),
('913009', 73),
('913010', 76),
('913011', 78),
('913012', 79),
('913013', 74),
('913014', 84),
('913015', 85),
('913016', 86),
('913017', 89),
('913018', 78),
('913019', 74),
('913020', 70),
('913021', 66),
('913022', 65),
('913023', 61),
('913024', 85),
('913025', 81),
('913026', 68),
('913027', 61),
('913028', 65),
('913029', 69),
('913030', 64),
('913031', 84),
('913032', 71),
('913033', 75),
('913034', 74),
('913035', 71),
('913036', 68),
('913037', 69),
('913038', 65),
('913039', 63),
('913040', 77),
('913041', 56),
('913042', 85),
('913043', 60),
('913044', 67),
('913045', 78),
('913046', 76),
('913047', 67),
('913048', 86),
('913049', 80),
('913050', 81),
('913051', 80),
('913052', 87),
('913053', 86),
('913054', 82),
('913055', 83),
('913056', 81),
('913057', 88),
('913058', 65),
('913059', 60),
('913060', 62),
('913061', 61),
('913062', 68),
('913063', 80),
('913064', 85),
('913065', 82),
('913066', 61),
('913067', 63),
('913068', 78),
('913069', 75),
('913070', 74),
('913071', 74),
('913072', 75),
('913073', 71),
('913074', 70),
('913075', 70),
('913076', 70),
('913077', 70),
('913078', 60),
('913079', 60),
('913080', 65),
('913081', 65),
('913082', 64),
('913083', 64),
('913084', 63),
('913085', 62),
('913086', 61),
('913087', 60),
('913088', 69),
('913089', 67),
('913090', 68),
('913091', 64),
('913092', 66),
('913093', 65),
('913094', 62),
('913095', 61),
('913096', 60),
('913097', 63),
('913098', 64),
('913099', 69),
('913100', 78),
('913101', 78),
('913102', 79),
('913103', 74),
('913104', 71),
('913105', 70),
('913106', 72),
('913107', 76),
('913108', 77),
('913109', 88),
('913110', 85),
('913111', 81),
('913112', 80),
('913113', 60),
('913114', 60),
('913115', 61),
('913116', 62),
('913117', 62),
('913118', 63),
('913119', 63),
('913120', 61),
('913121', 64),
('913122', 62),
('913123', 64),
('913124', 68),
('913125', 69),
('913126', 61),
('913127', 65),
('913128', 66),
('913129', 60),
('913130', 61),
('913131', 63),
('913132', 61),
('913133', 68),
('913134', 67),
('913135', 69),
('913136', 85),
('913137', 87),
('913138', 81),
('913139', 80),
('913140', 60),
('913141', 61),
('913142', 61),
('913143', 62),
('913144', 62),
('913145', 63),
('913146', 64),
('913147', 68),
('913148', 68),
('913149', 69),
('913150', 61),
('913151', 80),
('913152', 87),
('913153', 83),
('913154', 82),
('913155', 81),
('913156', 82),
('913157', 65),
('913158', 74),
('913159', 70),
('913160', 63),
('913161', 65),
('913162', 67),
('913163', 68),
('913164', 69),
('913165', 67),
('913166', 70),
('913167', 78),
('913168', 70),
('913169', 71),
('913170', 71),
('913171', 70),
('914001', 85),
('914002', 85),
('914003', 81),
('914004', 81),
('914005', 82),
('914006', 87),
('914007', 89),
('914008', 75),
('914009', 72),
('914010', 71),
('914011', 71),
('914012', 70),
('914013', 74),
('914014', 73),
('914015', 71),
('914016', 79),
('914017', 75),
('914018', 74),
('914019', 74),
('914020', 71),
('914021', 77),
('914022', 80),
('914023', 65),
('914024', 80),
('914025', 82),
('914026', 81),
('914027', 87),
('914028', 83),
('914029', 87),
('914030', 78),
('914031', 75),
('914032', 74),
('914033', 71),
('914034', 70),
('914035', 73),
('914036', 71),
('914037', 70),
('914038', 70),
('914039', 70),
('914040', 65),
('914041', 62),
('914042', 66),
('914043', 66),
('914044', 74),
('914045', 85),
('914046', 74),
('914047', 71),
('914048', 70),
('914049', 72),
('914050', 71),
('914051', 70),
('914052', 73),
('914053', 76),
('914054', 78),
('914055', 74),
('914056', 78),
('914057', 68),
('914058', 67),
('914059', 65),
('914060', 64),
('914061', 63),
('914062', 62),
('914063', 61),
('914064', 60),
('914065', 60),
('914066', 65),
('914067', 68),
('914068', 78),
('914069', 70),
('914070', 74),
('914071', 71),
('914072', 72),
('914073', 70),
('914074', 77),
('914075', 70),
('914076', 75),
('914077', 78),
('914078', 74),
('914079', 71),
('914080', 78),
('914081', 74),
('914082', 72),
('914083', 71),
('914084', 70),
('914085', 73),
('914086', 84),
('914087', 85),
('914088', 81),
('914089', 80),
('914090', 60),
('914091', 62),
('914092', 65),
('914093', 67),
('914094', 67),
('914095', 68),
('914096', 69),
('914097', 76),
('914098', 74),
('914099', 78),
('914100', 74),
('914101', 75),
('914102', 71),
('914103', 72),
('914104', 70),
('914105', 73),
('914106', 71),
('914107', 70),
('914108', 80),
('914109', 85),
('914110', 88),
('914111', 87),
('914112', 84),
('914113', 81),
('914114', 80),
('914115', 80),
('914116', 81),
('914117', 82),
('914118', 80),
('914119', 87),
('914120', 86),
('914121', 85),
('914122', 87),
('914123', 84),
('914124', 72),
('914125', 80),
('914126', 82),
('914127', 83),
('914128', 75),
('914129', 84),
('914130', 86),
('914131', 85),
('914132', 84),
('914133', 87),
('914134', 81),
('914135', 75),
('914136', 78),
('914137', 74),
('914138', 76),
('915001', 78),
('915002', 74),
('915003', 71),
('915004', 72),
('915005', 70),
('915006', 73),
('915007', 79),
('915008', 77),
('915009', 78),
('915010', 79),
('915011', 74),
('915012', 75),
('915013', 76),
('915014', 84),
('915015', 86),
('915016', 78),
('915017', 74),
('915018', 75),
('915019', 71),
('915020', 72),
('915021', 70),
('915022', 76),
('915023', 70),
('915024', 78),
('915025', 79),
('915026', 87),
('915027', 85),
('915028', 87),
('915029', 84),
('915030', 88),
('915031', 85),
('915032', 81),
('915033', 82),
('915034', 83),
('915035', 80),
('915036', 87),
('915037', 85),
('915038', 78),
('915039', 75),
('915040', 74),
('915041', 71),
('915042', 72),
('915043', 73),
('915044', 77),
('915045', 76),
('915046', 65),
('915047', 68),
('915048', 67),
('915049', 85),
('915050', 86),
('915051', 82),
('915052', 83),
('915053', 81),
('915054', 80),
('915055', 80),
('915056', 78),
('915057', 80),
('915058', 80),
('915059', 70),
('915060', 75),
('915061', 78),
('915062', 74),
('915063', 74),
('915064', 71),
('915065', 72),
('915066', 77),
('915067', 79),
('915068', 68),
('915069', 69),
('915070', 67),
('915071', 64),
('915072', 68),
('915073', 67),
('915074', 78),
('915075', 74),
('915076', 75),
('915077', 74),
('915078', 72),
('915079', 71),
('915080', 70),
('915081', 81),
('915082', 80),
('915083', 82);

--
-- 已傾印資料表的索引
--

--
-- 資料表索引 `classes`
--
ALTER TABLE `classes`
  ADD PRIMARY KEY (`id`);

--
-- 資料表索引 `class_student`
--
ALTER TABLE `class_student`
  ADD PRIMARY KEY (`id`),
  ADD UNIQUE KEY `school_num` (`school_num`);

--
-- 資料表索引 `dept`
--
ALTER TABLE `dept`
  ADD PRIMARY KEY (`id`);

--
-- 資料表索引 `graduate_school`
--
ALTER TABLE `graduate_school`
  ADD PRIMARY KEY (`id`);

--
-- 資料表索引 `status`
--
ALTER TABLE `status`
  ADD PRIMARY KEY (`id`);

--
-- 資料表索引 `students`
--
ALTER TABLE `students`
  ADD PRIMARY KEY (`id`);

--
-- 資料表索引 `student_scores`
--
ALTER TABLE `student_scores`
  ADD PRIMARY KEY (`school_num`);

--
-- 在傾印的資料表使用自動遞增(AUTO_INCREMENT)
--

--
-- 使用資料表自動遞增(AUTO_INCREMENT) `classes`
--
ALTER TABLE `classes`
  MODIFY `id` int(10) UNSIGNED NOT NULL AUTO_INCREMENT, AUTO_INCREMENT=11;

--
-- 使用資料表自動遞增(AUTO_INCREMENT) `class_student`
--
ALTER TABLE `class_student`
  MODIFY `id` int(10) UNSIGNED NOT NULL AUTO_INCREMENT, AUTO_INCREMENT=480;

--
-- 使用資料表自動遞增(AUTO_INCREMENT) `dept`
--
ALTER TABLE `dept`
  MODIFY `id` int(10) UNSIGNED NOT NULL AUTO_INCREMENT, AUTO_INCREMENT=7;

--
-- 使用資料表自動遞增(AUTO_INCREMENT) `graduate_school`
--
ALTER TABLE `graduate_school`
  MODIFY `id` int(10) UNSIGNED NOT NULL AUTO_INCREMENT, AUTO_INCREMENT=29;

--
-- 使用資料表自動遞增(AUTO_INCREMENT) `status`
--
ALTER TABLE `status`
  MODIFY `id` int(10) UNSIGNED NOT NULL AUTO_INCREMENT, AUTO_INCREMENT=5;

--
-- 使用資料表自動遞增(AUTO_INCREMENT) `students`
--
ALTER TABLE `students`
  MODIFY `id` int(10) UNSIGNED NOT NULL AUTO_INCREMENT, AUTO_INCREMENT=480;
COMMIT;

/*!40101 SET CHARACTER_SET_CLIENT=@OLD_CHARACTER_SET_CLIENT */;
/*!40101 SET CHARACTER_SET_RESULTS=@OLD_CHARACTER_SET_RESULTS */;
/*!40101 SET COLLATION_CONNECTION=@OLD_COLLATION_CONNECTION */;
